"gi_number"	"external_gene_id"	"refseq_id"	"seqlength"	"description"
"gi|10440560"	"HIST1H3A"	"NP_066298"	136	"histone cluster 1, H3a"
"gi|10716563"	"CANX"	"NP_001737"	592	"calnexin"
"gi|10800130"	"HIST1H2AD"	"NP_066409"	130	"histone cluster 1, H2ad"
"gi|10801345"	"EIF3K"	"NP_037366"	218	"eukaryotic translation initiation factor 3, subunit K"
"gi|10835063"	"NPM1"	"NP_002511"	294	"nucleophosmin (nucleolar phosphoprotein B23, numatrin)"
"gi|10835067"	"SSB"	"NP_003133"	408	"Sjogren syndrome antigen B (autoantigen La)"
"gi|10835165"	"CD59"	"NP_000602"	128	"CD59 molecule, complement regulatory protein"
"gi|10863889"	"SART1"	"NP_005137"	800	"squamous cell carcinoma antigen recognized by T cells"
"gi|10863927"	"PPIA"	"NP_066953"	165	"peptidylprolyl isomerase A (cyclophilin A)"
"gi|10863945"	"XRCC5"	"NP_066964"	732	"X-ray repair complementing defective repair in Chinese hamster cells 5 (double-strand-break rejoining)"
"gi|10863977"	"LSM2"	"NP_067000"	95	"LSM2 homolog, U6 small nuclear RNA associated (S. cerevisiae)"
"gi|10863997"	"PTBP2"	"NP_067013"	531	"polypyrimidine tract binding protein 2"
"gi|10947135"	"ABCF1"	"NP_001081"	807	"ATP-binding cassette, sub-family F (GCN20), member 1"
"gi|11024686"	"C12orf11"	"NP_060634"	706	"chromosome 12 open reading frame 11"
"gi|11034845"	"RPRD1B"	"NP_067038"	326	"regulation of nuclear pre-mRNA domain containing 1B"
"gi|11067747"	"CDC5L"	"NP_001244"	802	"CDC5 cell division cycle 5-like (S. pombe)"
"gi|11079228"	"NSF"	"NP_006169"	744	"N-ethylmaleimide-sensitive factor"
"gi|11125772"	"MARCKS"	"NP_002347"	332	"myristoylated alanine-rich protein kinase C substrate"
"gi|11136628"	"EEF1B2"	"NP_066944"	225	"eukaryotic translation elongation factor 1 beta 2"
"gi|11225260"	"TOP1"	"NP_003277"	765	"topoisomerase (DNA) I"
"gi|11321585"	"GNB1"	"NP_002065"	340	"guanine nucleotide binding protein (G protein), beta polypeptide 1"
"gi|11321591"	"HMGB2"	"NP_002120"	209	"high mobility group box 2"
"gi|11321601"	"PFKP"	"NP_002618"	784	"phosphofructokinase, platelet"
"gi|11321634"	"CD2AP"	"NP_036252"	639	"CD2-associated protein"
"gi|11345460"	"GUF1"	"NP_068746"	669	"GUF1 GTPase homolog (S. cerevisiae)"
"gi|11415026"	"RPL18A"	"NP_000971"	176	"ribosomal protein L18a"
"gi|11415030"	"HIST1H4A"	"NP_068803"	103	"histone cluster 1, H4a"
"gi|11415036"	"ZNF148"	"NP_068799"	794	"zinc finger protein 148"
"gi|11496885"	"PDLIM7"	"NP_005442"	457	"PDZ and LIM domain 7 (enigma)"
"gi|11496978"	"NFYC"	"NP_055038"	335	"nuclear transcription factor Y, gamma"
"gi|11496982"	"SVIL"	"NP_068506"	2214	"supervillin"
"gi|11559929"	"COPG"	"NP_057212"	874	"coatomer protein complex, subunit gamma"
"gi|11863154"	"ARCN1"	"NP_001646"	511	"archain 1"
"gi|11968057"	"ACTR6"	"NP_071941"	396	"ARP6 actin-related protein 6 homolog (yeast)"
"gi|11968182"	"RPS18"	"NP_072045"	152	"ribosomal protein S18"
"gi|12025678"	"ACTN4"	"NP_004915"	911	"actinin, alpha 4"
"gi|12056465"	"FBL"	"NP_001427"	321	"fibrillarin"
"gi|12056468"	"JUP"	"NP_068831"	745	"junction plakoglobin"
"gi|12229217"	"ADNP"	"NP_056154"	1102	"activity-dependent neuroprotector homeobox"
"gi|12408675"	"PFDN2"	"NP_036526"	154	"prefoldin subunit 2"
"gi|12667788"	"MYH9"	"NP_002464"	1960	"myosin, heavy chain 9, non-muscle"
"gi|12707570"	"ECHS1"	"NP_004083"	290	"enoyl CoA hydratase, short chain, 1, mitochondrial"
"gi|12746590"	"CTBP2"	"NP_073713"	985	"C-terminal binding protein 2"
"gi|13027644"	"SNRPN"	"NP_073716"	240	"small nuclear ribonucleoprotein polypeptide N"
"gi|13123776"	"DMAP1"	"NP_061973"	467	"DNA methyltransferase 1 associated protein 1"
"gi|13124875"	"MYH11"	"NP_074035"	1938	"myosin, heavy chain 11, smooth muscle"
"gi|13128860"	"HDAC1"	"NP_004955"	482	"histone deacetylase 1"
"gi|13129068"	"NOC4L"	"NP_076983"	516	"nucleolar complex associated 4 homolog (S. cerevisiae)"
"gi|13129110"	"WDR77"	"NP_077007"	342	"WD repeat domain 77"
"gi|13236583"	"BRCC3"	"NP_077308"	316	"BRCA1/BRCA2-containing complex, subunit 3"
"gi|13259508"	"DCTN1"	"NP_075408"	1144	"dynactin 1"
"gi|13375656"	"ULBP3"	"NP_078794"	244	"UL16 binding protein 3"
"gi|13375809"	"RPAP3"	"NP_078880"	665	"RNA polymerase II associated protein 3"
"gi|13376202"	"RPAP2"	"NP_079089"	612	"RNA polymerase II associated protein 2"
"gi|13376204"	"CBLL1"	"NP_079090"	491	"Cas-Br-M (murine) ecotropic retroviral transforming sequence-like 1"
"gi|13376259"	"NUP85"	"NP_079120"	656	"nucleoporin 85kDa"
"gi|13376623"	"THOC7"	"NP_079351"	204	"THO complex 7 homolog (Drosophila)"
"gi|13376798"	"C2orf44"	"NP_079479"	721	"chromosome 2 open reading frame 44"
"gi|13376810"	"EPC1"	"NP_079485"	836	"enhancer of polycomb homolog 1 (Drosophila)"
"gi|13376840"	"WDR61"	"NP_079510"	305	"WD repeat domain 61"
"gi|13399322"	"NAT10"	"NP_078938"	1025	"N-acetyltransferase 10 (GCN5-related)"
"gi|13435356"	"HAX1"	"NP_006109"	279	"HCLS1 associated protein X-1"
"gi|13435359"	"DDB1"	"NP_001914"	1140	"damage-specific DNA binding protein 1, 127kDa"
"gi|13470086"	"RAI14"	"NP_056392"	980	"retinoic acid induced 14"
"gi|13540523"	"HMGN5"	"NP_110390"	282	"high mobility group nucleosome binding domain 5"
"gi|13540531"	"ILKAP"	"NP_110395"	392	"integrin-linked kinase-associated serine/threonine phosphatase"
"gi|13569879"	"ANP32E"	"NP_112182"	268	"acidic (leucine-rich) nuclear phosphoprotein 32 family, member E"
"gi|13654237"	"PRKDC"	"NP_008835"	4128	"protein kinase, DNA-activated, catalytic polypeptide"
"gi|13654270"	"LAS1L"	"NP_112483"	734	"LAS1-like (S. cerevisiae)"
"gi|13676857"	"HSPA2"	"NP_068814"	639	"heat shock 70kDa protein 2"
"gi|13699824"	"KIF11"	"NP_004514"	1056	"kinesin family member 11"
"gi|13775200"	"SF3B5"	"NP_112577"	86	"splicing factor 3b, subunit 5, 10kDa"
"gi|13899231"	"MRPL9"	"NP_113608"	267	"mitochondrial ribosomal protein L9"
"gi|13899354"	"RBM4B"	"NP_113680"	359	"RNA binding motif protein 4B"
"gi|13904866"	"RPL28"	"NP_000982"	137	"ribosomal protein L28"
"gi|13904870"	"RPS5"	"NP_001000"	204	"ribosomal protein S5"
"gi|14028877"	"MRPS25"	"NP_071942"	173	"mitochondrial ribosomal protein S25"
"gi|14043022"	"MARS"	"NP_004981"	900	"methionyl-tRNA synthetase"
"gi|14043070"	"HNRNPA1"	"NP_112420"	372	"heterogeneous nuclear ribonucleoprotein A1"
"gi|14043072"	"HNRNPA2B1"	"NP_112533"	353	"heterogeneous nuclear ribonucleoprotein A2/B1"
"gi|14110407"	"HNRPDL"	"NP_112740"	420	"heterogeneous nuclear ribonucleoprotein D-like"
"gi|14110414"	"HNRNPD"	"NP_002129"	306	"heterogeneous nuclear ribonucleoprotein D (AU-rich element RNA binding protein 1, 37kDa)"
"gi|14141152"	"HNRNPM"	"NP_005959"	730	"heterogeneous nuclear ribonucleoprotein M"
"gi|14141157"	"HNRNPH3"	"NP_036339"	346	"heterogeneous nuclear ribonucleoprotein H3 (2H9)"
"gi|14141166"	"PCBP2"	"NP_114366"	362	"poly(rC) binding protein 2"
"gi|14141170"	"MTA2"	"NP_004730"	668	"metastasis associated 1 family, member 2"
"gi|14141193"	"RPS9"	"NP_001004"	194	"ribosomal protein S9"
"gi|14149627"	"USP15"	"NP_006304"	952	"ubiquitin specific peptidase 15"
"gi|14150100"	"NTPCR"	"NP_115700"	190	"nucleoside-triphosphatase, cancer-related"
"gi|14150124"	"LLPH"	"NP_115714"	129	"LLP homolog, long-term synaptic facilitation (Aplysia)"
"gi|14150171"	"THOC3"	"NP_115737"	351	"THO complex 3"
"gi|14165435"	"HNRNPK"	"NP_112552"	463	"heterogeneous nuclear ribonucleoprotein K"
"gi|14165464"	"PTBP1"	"NP_114367"	550	"polypyrimidine tract binding protein 1"
"gi|14210536"	"TUBB6"	"NP_115914"	446	"tubulin, beta 6 class V"
"gi|14211540"	"MOV10"	"NP_066014"	1003	"Mov10, Moloney leukemia virus 10, homolog (mouse)"
"gi|14211843"	"SCOC"	"NP_115936"	122	"short coiled-coil protein"
"gi|14211889"	"DPY30"	"NP_115963"	99	"dpy-30 homolog (C. elegans)"
"gi|14249398"	"PHF5A"	"NP_116147"	110	"PHD finger protein 5A"
"gi|14249500"	"TBRG1"	"NP_116200"	260	"transforming growth factor beta regulator 1"
"gi|14249678"	"RBM17"	"NP_116294"	401	"RNA binding motif protein 17"
"gi|14269586"	"MRPS26"	"NP_110438"	205	"mitochondrial ribosomal protein S26"
"gi|14277700"	"RPS12"	"NP_001007"	132	"ribosomal protein S12"
"gi|14389309"	"TUBA1C"	"NP_116093"	449	"tubulin, alpha 1c"
"gi|14589951"	"POLR2E"	"NP_002686"	210	"polymerase (RNA) II (DNA directed) polypeptide E, 25kDa"
"gi|14589953"	"POLR2H"	"NP_006223"	150	"polymerase (RNA) II (DNA directed) polypeptide H"
"gi|14591909"	"RPL5"	"NP_000960"	297	"ribosomal protein L5"
"gi|14670350"	"GTF2I"	"NP_127492"	998	"general transcription factor IIi"
"gi|14702169"	"PLAT"	"NP_127509"	516	"plasminogen activator, tissue"
"gi|14702171"	"POLR2C"	"NP_116558"	275	"polymerase (RNA) II (DNA directed) polypeptide C, 33kDa"
"gi|14719402"	"RRS1"	"NP_055984"	365	"RRS1 ribosome biogenesis regulator homolog (S. cerevisiae)"
"gi|14790190"	"SPEN"	"NP_055816"	3664	"spen homolog, transcriptional regulator (Drosophila)"
"gi|14861834"	"CECR5"	"NP_149061"	423	"cat eye syndrome chromosome region, candidate 5"
"gi|14916501"	"RPS24"	"NP_148982"	130	"ribosomal protein S24"
"gi|149192855"	"PRRC2B"	"NP_037450"	2229	"proline-rich coiled-coil 2B"
"gi|15011916"	"GAR1"	"NP_127460"	217	"GAR1 ribonucleoprotein homolog (yeast)"
"gi|15055539"	"RPS2"	"NP_002943"	293	"ribosomal protein S2"
"gi|15082258"	"CBX3"	"NP_009207"	183	"chromobox homolog 3"
"gi|15147219"	"PURB"	"NP_150093"	312	"purine-rich element binding protein B"
"gi|15147335"	"NCOA5"	"NP_066018"	579	"nuclear receptor coactivator 5"
"gi|15147337"	"UBR5"	"NP_056986"	2799	"ubiquitin protein ligase E3 component n-recognin 5"
"gi|15149476"	"RARS"	"NP_002878"	660	"arginyl-tRNA synthetase"
"gi|15150805"	"TBL1Y"	"NP_150600"	522	"transducin (beta)-like 1, Y-linked"
"gi|15431288"	"RPL10A"	"NP_009035"	217	"ribosomal protein L10a"
"gi|15431290"	"RPL11"	"NP_000966"	178	"ribosomal protein L11"
"gi|15431293"	"RPL15"	"NP_002939"	204	"ribosomal protein L15"
"gi|15431295"	"RPL13"	"NP_150254"	211	"ribosomal protein L13"
"gi|15431301"	"RPL7"	"NP_000962"	248	"ribosomal protein L7"
"gi|15431303"	"RPL9"	"NP_000652"	192	"ribosomal protein L9"
"gi|15431306"	"RPL8"	"NP_150644"	257	"ribosomal protein L8"
"gi|15559211"	"REST"	"NP_005603"	1097	"RE1-silencing transcription factor"
"gi|15718687"	"RPS3"	"NP_000996"	243	"ribosomal protein S3"
"gi|15809016"	"MYL12B"	"NP_291024"	172	"myosin, light chain 12B, regulatory"
"gi|15987121"	"RRP12"	"NP_055994"	1297	"ribosomal RNA processing 12 homolog (S. cerevisiae)"
"gi|16117787"	"RPL34"	"NP_000986"	117	"ribosomal protein L34"
"gi|16117791"	"RPL35A"	"NP_000987"	110	"ribosomal protein L35a"
"gi|16117794"	"RPL36"	"NP_056229"	105	"ribosomal protein L36"
"gi|16306492"	"CDK1"	"NP_203698"	240	"cyclin-dependent kinase 1"
"gi|16507237"	"HSPA5"	"NP_005338"	654	"heat shock 70kDa protein 5 (glucose-regulated protein, 78kDa)"
"gi|16554609"	"MRPS11"	"NP_073750"	194	"mitochondrial ribosomal protein S11"
"gi|16554627"	"WDR5"	"NP_060058"	334	"WD repeat domain 5"
"gi|16579828"	"ZFP91"	"NP_444251"	570	"zinc finger protein 91 homolog (mouse)"
"gi|16579885"	"RPL4"	"NP_000959"	427	"ribosomal protein L4"
"gi|16751921"	"DCD"	"NP_444513"	110	"dermcidin"
"gi|16753227"	"RPL6"	"NP_000961"	288	"ribosomal protein L6"
"gi|16753233"	"TLN1"	"NP_006280"	2541	"talin 1"
"gi|16905517"	"BX511012.1"	"NP_473357"	262	"serine/arginine-rich splicing factor 10"
"gi|16905526"	"DAP3"	"NP_387506"	398	"death associated protein 3"
"gi|16933546"	"RPLP0"	"NP_444505"	317	"ribosomal protein, large, P0"
"gi|16950603"	"MRPS35"	"NP_068593"	323	"mitochondrial ribosomal protein S35"
"gi|17017991"	"FTSJ3"	"NP_060117"	847	"FtsJ homolog 3 (E. coli)"
"gi|17105394"	"RPL23A"	"NP_000975"	156	"ribosomal protein L23a"
"gi|17105400"	"PI4KA"	"NP_477352"	2044	"phosphatidylinositol 4-kinase, catalytic, alpha"
"gi|17158023"	"FAM207A"	"NP_478070"	230	"family with sequence similarity 207, member A"
"gi|17158044"	"RPS6"	"NP_001001"	249	"ribosomal protein S6"
"gi|17298690"	"PUF60"	"NP_055096"	542	"poly-U binding splicing factor 60KDa"
"gi|17388799"	"DNAJB6"	"NP_490647"	326	"DnaJ (Hsp40) homolog, subfamily B, member 6"
"gi|17402900"	"FUBP1"	"NP_003893"	644	"far upstream element (FUSE) binding protein 1"
"gi|17505234"	"NUSAP1"	"NP_060924"	440	"nucleolar and spindle associated protein 1"
"gi|17505907"	"DDX31"	"NP_073616"	851	"DEAD (Asp-Glu-Ala-Asp) box polypeptide 31"
"gi|17511255"	"PAIP1"	"NP_006442"	479	"poly(A) binding protein interacting protein 1"
"gi|17921989"	"TUBA4A"	"NP_005991"	448	"tubulin, alpha 4a"
"gi|17933772"	"S100A16"	"NP_525127"	103	"S100 calcium binding protein A16"
"gi|17975755"	"MSL3"	"NP_523352"	416	"male-specific lethal 3 homolog (Drosophila)"
"gi|17986258"	"MYL6"	"NP_066299"	151	"myosin, light chain 6, alkali, smooth muscle and non-muscle"
"gi|17986283"	"TUBA1A"	"NP_006000"	451	"tubulin, alpha 1a"
"gi|17999541"	"VPS35"	"NP_060676"	796	"vacuolar protein sorting 35 homolog (S. cerevisiae)"
"gi|18034690"	"C20orf4"	"NP_056326"	384	"chromosome 20 open reading frame 4"
"gi|18079254"	"PDRG1"	"NP_110442"	133	"p53 and DNA-damage regulated 1"
"gi|18104948"	"RPL21"	"NP_000973"	160	"ribosomal protein L21"
"gi|18104971"	"PTP4A2"	"NP_536316"	167	"protein tyrosine phosphatase type IVA, member 2"
"gi|18105007"	"CAD"	"NP_004332"	2225	"carbamoyl-phosphate synthetase 2, aspartate transcarbamylase, and dihydroorotase"
"gi|18201905"	"GPI"	"NP_000166"	558	"glucose-6-phosphate isomerase"
"gi|18375501"	"APEX1"	"NP_001632"	318	"APEX nuclease (multifunctional DNA repair enzyme) 1"
"gi|18375623"	"DDX39B"	"NP_542165"	428	"DEAD (Asp-Glu-Ala-Asp) box polypeptide 39B"
"gi|18375626"	"PRRC2A"	"NP_542417"	2157	"proline-rich coiled-coil 2A"
"gi|18375637"	"EHMT2"	"NP_006700"	1210	"euchromatic histone-lysine N-methyltransferase 2"
"gi|18375673"	"UPF1"	"NP_002902"	1118	"UPF1 regulator of nonsense transcripts homolog (yeast)"
"gi|18379334"	"RNPS1"	"NP_542161"	305	"RNA binding protein S1, serine-rich domain"
"gi|18379349"	"VAT1"	"NP_006364"	393	"vesicle amine transport protein 1 homolog (T. californica)"
"gi|18426915"	"DBN1"	"NP_004386"	649	"drebrin 1"
"gi|18497286"	"DHX36"	"NP_065916"	1008	"DEAH (Asp-Glu-Ala-His) box polypeptide 36"
"gi|18644728"	"NOL6"	"NP_075068"	1146	"nucleolar protein family 6 (RNA-associated)"
"gi|18702323"	"DYNLRB2"	"NP_570967"	96	"dynein, light chain, roadblock-type 2"
"gi|18860916"	"XRN2"	"NP_036387"	950	"5'-3' exoribonuclease 2"
"gi|19743813"	"ITGB1"	"NP_002202"	798	"integrin, beta 1 (fibronectin receptor, beta polypeptide, antigen CD29 includes MDF2, MSK12)"
"gi|19913406"	"TOP2A"	"NP_001058"	1531	"topoisomerase (DNA) II alpha 170kDa"
"gi|19913408"	"TOP2B"	"NP_001059"	1621	"topoisomerase (DNA) II beta 180kDa"
"gi|19913418"	"ATP6V0A1"	"NP_005168"	831	"ATPase, H+ transporting, lysosomal V0 subunit a1"
"gi|19913424"	"ATP6V1A"	"NP_001681"	617	"ATPase, H+ transporting, lysosomal 70kDa, V1 subunit A"
"gi|19913428"	"ATP6V1B2"	"NP_001684"	511	"ATPase, H+ transporting, lysosomal 56/58kDa, V1 subunit B2"
"gi|19913432"	"ATP6V0D1"	"NP_004682"	351	"ATPase, H+ transporting, lysosomal 38kDa, V0 subunit d1"
"gi|19920317"	"CKAP4"	"NP_006816"	602	"cytoskeleton-associated protein 4"
"gi|19923106"	"PON1"	"NP_000437"	355	"paraoxonase 1"
"gi|19923142"	"KPNB1"	"NP_002256"	876	"karyopherin (importin) beta 1"
"gi|19923272"	"XPR1"	"NP_004727"	696	"xenotropic and polytropic retrovirus receptor 1"
"gi|19923399"	"G3BP2"	"NP_036429"	482	"GTPase activating protein (SH3 domain) binding protein 2"
"gi|19923485"	"LUC7L3"	"NP_057508"	432	"LUC7-like 3 (S. cerevisiae)"
"gi|19923502"	"GATAD2A"	"NP_060130"	490	"GATA zinc finger domain containing 2A"
"gi|19923521"	"CKAP2"	"NP_060674"	682	"cytoskeleton associated protein 2"
"gi|19923597"	"SAP130"	"NP_078821"	1048	"Sin3A-associated protein, 130kDa"
"gi|19923653"	"PSIP1"	"NP_150091"	530	"PC4 and SFRS1 interacting protein 1"
"gi|19923748"	"DLST"	"NP_001924"	453	"dihydrolipoamide S-succinyltransferase (E2 component of 2-oxo-glutarate complex)"
"gi|19923790"	"RAB3GAP2"	"NP_036546"	1393	"RAB3 GTPase activating protein subunit 2 (non-catalytic)"
"gi|19923935"	"CCDC101"	"NP_612423"	293	"coiled-coil domain containing 101"
"gi|19924129"	"RAD50"	"NP_005723"	1312	"RAD50 homolog (S. cerevisiae)"
"gi|19924159"	"C19orf2"	"NP_003787"	535	"chromosome 19 open reading frame 2"
"gi|20070125"	"P4HB"	"NP_000909"	508	"prolyl 4-hydroxylase, beta polypeptide"
"gi|20070160"	"CSDA"	"NP_003642"	372	"cold shock domain protein A"
"gi|20070197"	"DDOST"	"NP_005207"	456	"dolichyl-diphosphooligosaccharide--protein glycosyltransferase"
"gi|20070220"	"PRMT5"	"NP_006100"	637	"protein arginine methyltransferase 5"
"gi|20127460"	"XPC"	"NP_004619"	940	"xeroderma pigmentosum, complementation group C"
"gi|20127479"	"RBM10"	"NP_005667"	930	"RNA binding motif protein 10"
"gi|20127499"	"SRSF6"	"NP_006266"	344	"serine/arginine-rich splicing factor 6"
"gi|20149524"	"SUPT5H"	"NP_003160"	1087	"suppressor of Ty 5 homolog (S. cerevisiae)"
"gi|20149592"	"STRAP"	"NP_009109"	350	"serine/threonine kinase receptor associated protein"
"gi|20149594"	"HSP90AB1"	"NP_031381"	724	"heat shock protein 90kDa alpha (cytosolic), class B member 1"
"gi|20149629"	"DDX47"	"NP_057439"	455	"DEAD (Asp-Glu-Ala-Asp) box polypeptide 47"
"gi|20149643"	"ZNHIT6"	"NP_060423"	470	"zinc finger, HIT-type containing 6"
"gi|20149698"	"L3MBTL2"	"NP_113676"	705	"l(3)mbt-like 2 (Drosophila)"
"gi|20149709"	"HNRPLL"	"NP_612403"	542	"heterogeneous nuclear ribonucleoprotein L-like"
"gi|20270371"	"CMBL"	"NP_620164"	245	"carboxymethylenebutenolidase homolog (Pseudomonas)"
"gi|20336290"	"DHX30"	"NP_055781"	1155	"DEAH (Asp-Glu-Ala-His) box polypeptide 30"
"gi|20336746"	"H2AFY"	"NP_613075"	369	"H2A histone family, member Y"
"gi|20336754"	"HIST1H2BJ"	"NP_066402"	126	"histone cluster 1, H2bj"
"gi|20357529"	"GNB2"	"NP_005264"	340	"guanine nucleotide binding protein (G protein), beta polypeptide 2"
"gi|20806097"	"NOC3L"	"NP_071896"	800	"nucleolar complex associated 3 homolog (S. cerevisiae)"
"gi|21040255"	"SREK1"	"NP_631907"	508	"splicing regulatory glutamine/lysine-rich protein 1"
"gi|21040314"	"SON"	"NP_115571"	2303	"SON DNA binding protein"
"gi|21040371"	"DDX39A"	"NP_005795"	427	"DEAD (Asp-Glu-Ala-Asp) box polypeptide 39A"
"gi|21071006"	"TSSC4"	"NP_005697"	329	"tumor suppressing subtransferable candidate 4"
"gi|21071056"	"SMARCA4"	"NP_003063"	1647	"SWI/SNF related, matrix associated, actin dependent regulator of chromatin, subfamily a, member 4"
"gi|21071058"	"SMARCA5"	"NP_003592"	1052	"SWI/SNF related, matrix associated, actin dependent regulator of chromatin, subfamily a, member 5"
"gi|21218438"	"GATAD2B"	"NP_065750"	593	"GATA zinc finger domain containing 2B"
"gi|21237805"	"SMARCC2"	"NP_003066"	1214	"SWI/SNF related, matrix associated, actin dependent regulator of chromatin, subfamily c, member 2"
"gi|21264343"	"SAFB"	"NP_002958"	915	"scaffold attachment factor B"
"gi|21264355"	"SMARCE1"	"NP_003070"	411	"SWI/SNF related, matrix associated, actin dependent regulator of chromatin, subfamily e, member 1"
"gi|21264565"	"ARID1A"	"NP_006006"	2285	"AT rich interactive domain 1A (SWI-like)"
"gi|21265084"	"MRPL1"	"NP_064621"	303	"mitochondrial ribosomal protein L1"
"gi|21327701"	"TAF15"	"NP_631961"	592	"TAF15 RNA polymerase II, TATA box binding protein (TBP)-associated factor, 68kDa"
"gi|21327708"	"NAP1L1"	"NP_631946"	391	"nucleosome assembly protein 1-like 1"
"gi|21327715"	"TCERG1"	"NP_006697"	1098	"transcription elongation regulator 1"
"gi|21328448"	"YWHAB"	"NP_647539"	246	"tyrosine 3-monooxygenase/tryptophan 5-monooxygenase activation protein, beta polypeptide"
"gi|21359860"	"PTMA"	"NP_002814"	110	"prothymosin, alpha"
"gi|21359867"	"CYC1"	"NP_001907"	325	"cytochrome c-1"
"gi|21359951"	"RBM42"	"NP_077297"	480	"RNA binding motif protein 42"
"gi|21361116"	"VCAN"	"NP_004376"	3396	"versican"
"gi|21361144"	"PSMC3"	"NP_002795"	439	"proteasome (prosome, macropain) 26S subunit, ATPase, 3"
"gi|21361171"	"BRE"	"NP_004890"	415	"brain and reproductive organ-expressed (TNFRSF1A modulator)"
"gi|21361181"	"ATP1A1"	"NP_000692"	1023	"ATPase, Na+/K+ transporting, alpha 1 polypeptide"
"gi|21361282"	"SRSF4"	"NP_005617"	494	"serine/arginine-rich splicing factor 4"
"gi|21361331"	"CPS1"	"NP_001866"	1500	"carbamoyl-phosphate synthase 1, mitochondrial"
"gi|21361361"	"ILVBL"	"NP_006835"	632	"ilvB (bacterial acetolactate synthase)-like"
"gi|21361368"	"ALDH18A1"	"NP_002851"	795	"aldehyde dehydrogenase 18 family, member A1"
"gi|21361376"	"SF3A2"	"NP_009096"	464	"splicing factor 3a, subunit 2, 66kDa"
"gi|21361397"	"RACGAP1"	"NP_037409"	632	"Rac GTPase activating protein 1"
"gi|21361399"	"PPP2R1A"	"NP_055040"	589	"protein phosphatase 2, regulatory subunit A, alpha"
"gi|21361437"	"HTATSF1"	"NP_055315"	755	"HIV-1 Tat specific factor 1"
"gi|21361454"	"PYCR2"	"NP_037460"	320	"pyrroline-5-carboxylate reductase family, member 2"
"gi|21361489"	"EPC2"	"NP_056445"	763	"enhancer of polycomb homolog 2 (Drosophila)"
"gi|21361499"	"SENP3"	"NP_056485"	574	"SUMO1/sentrin/SMT3 specific peptidase 3"
"gi|21361657"	"PDIA3"	"NP_005304"	505	"protein disulfide isomerase family A, member 3"
"gi|21361659"	"IPO9"	"NP_060555"	1041	"importin 9"
"gi|21361734"	"KIAA1310"	"NP_060461"	791	"KIAA1310"
"gi|21361794"	"CAND1"	"NP_060918"	1230	"cullin-associated and neddylation-dissociated 1"
"gi|21361861"	"FANCD2"	"NP_149075"	1471	"Fanconi anemia, complementation group D2"
"gi|21361875"	"LTV1"	"NP_116249"	475	"LTV1 homolog (S. cerevisiae)"
"gi|21361918"	"LEPRE1"	"NP_071751"	804	"leucine proline-enriched proteoglycan (leprecan) 1"
"gi|21450832"	"SKA1"	"NP_659497"	255	"spindle and kinetochore associated complex subunit 1"
"gi|21464101"	"YWHAG"	"NP_036611"	247	"tyrosine 3-monooxygenase/tryptophan 5-monooxygenase activation protein, gamma polypeptide"
"gi|21536286"	"CKB"	"NP_001814"	381	"creatine kinase, brain"
"gi|21536320"	"HNRNPUL1"	"NP_653333"	756	"heterogeneous nuclear ribonucleoprotein U-like 1"
"gi|21536449"	"PFDN1"	"NP_002613"	122	"prefoldin subunit 1"
"gi|21614499"	"EZR"	"NP_003370"	586	"ezrin"
"gi|21614525"	"GPC4"	"NP_001439"	556	"glypican 4"
"gi|21614544"	"S100A8"	"NP_002955"	93	"S100 calcium binding protein A8"
"gi|21626466"	"MATR3"	"NP_061322"	847	"matrin 3"
"gi|21626468"	"ZNF638"	"NP_055312"	1978	"zinc finger protein 638"
"gi|21704261"	"MAX"	"NP_002373"	160	"MYC associated factor X"
"gi|21735569"	"CLSPN"	"NP_071394"	1339	"claspin"
"gi|21735621"	"MDH2"	"NP_005909"	338	"malate dehydrogenase 2, NAD (mitochondrial)"
"gi|21735625"	"YWHAZ"	"NP_663723"	245	"tyrosine 3-monooxygenase/tryptophan 5-monooxygenase activation protein, zeta polypeptide"
"gi|22027651"	"AP1B1"	"NP_001118"	949	"adaptor-related protein complex 1, beta 1 subunit"
"gi|22035692"	"GFRA1"	"NP_665736"	460	"GDNF family receptor alpha 1"
"gi|22094079"	"ZNHIT3"	"NP_004764"	155	"zinc finger, HIT-type containing 3"
"gi|22095347"	"CADM1"	"NP_055148"	442	"cell adhesion molecule 1"
"gi|22202629"	"AIFM1"	"NP_665811"	609	"apoptosis-inducing factor, mitochondrion-associated, 1"
"gi|22202633"	"PFDN5"	"NP_002615"	154	"prefoldin subunit 5"
"gi|22208967"	"HMGA1"	"NP_665906"	107	"high mobility group AT-hook 1"
"gi|22208973"	"HMGA1"	"NP_665909"	96	"high mobility group AT-hook 1"
"gi|22538431"	"CTSB"	"NP_680090"	339	"cathepsin B"
"gi|22538461"	"NCOR1"	"NP_006302"	2440	"nuclear receptor corepressor 1"
"gi|22538465"	"PSMB3"	"NP_002786"	205	"proteasome (prosome, macropain) subunit, beta type, 3"
"gi|22538467"	"PSMB4"	"NP_002787"	264	"proteasome (prosome, macropain) subunit, beta type, 4"
"gi|22547114"	"MRPL10"	"NP_660298"	261	"mitochondrial ribosomal protein L10"
"gi|22547136"	"MRPL4"	"NP_057040"	311	"mitochondrial ribosomal protein L4"
"gi|22748937"	"XPO5"	"NP_065801"	1204	"exportin 5"
"gi|23097292"	"POP1"	"NP_055844"	1024	"processing of precursor 1, ribonuclease P/MRP subunit (S. cerevisiae)"
"gi|23110925"	"PSMB6"	"NP_002789"	239	"proteasome (prosome, macropain) subunit, beta type, 6"
"gi|23111018"	"RBM10"	"NP_690595"	852	"RNA binding motif protein 10"
"gi|23238211"	"ARPC2"	"NP_690601"	300	"actin related protein 2/3 complex, subunit 2, 34kDa"
"gi|23308577"	"PHGDH"	"NP_006614"	533	"phosphoglycerate dehydrogenase"
"gi|23308579"	"PTGES3"	"NP_006592"	160	"prostaglandin E synthase 3 (cytosolic)"
"gi|23346420"	"NFRKB"	"NP_006156"	1324	"nuclear factor related to kappaB binding protein"
"gi|23397427"	"SYNCRIP"	"NP_006363"	623	"synaptotagmin binding, cytoplasmic RNA interacting protein"
"gi|23397429"	"EIF3M"	"NP_006351"	374	"eukaryotic translation initiation factor 3, subunit M"
"gi|23397666"	"SIN3A"	"NP_056292"	1273	"SIN3 homolog A, transcription regulator (yeast)"
"gi|23503295"	"CSNK2B"	"NP_001311"	215	"casein kinase 2, beta polypeptide"
"gi|23510338"	"UBA1"	"NP_003325"	1058	"ubiquitin-like modifier activating enzyme 1"
"gi|24041018"	"UXT"	"NP_705582"	169	"ubiquitously-expressed transcript"
"gi|24234688"	"HSPA9"	"NP_004125"	679	"heat shock 70kDa protein 9 (mortalin)"
"gi|24234690"	"MRE11A"	"NP_005581"	680	"MRE11 meiotic recombination 11 homolog A (S. cerevisiae)"
"gi|24234747"	"ILF2"	"NP_004506"	390	"interleukin enhancer binding factor 2, 45kDa"
"gi|24234750"	"ILF3"	"NP_036350"	894	"interleukin enhancer binding factor 3, 90kDa"
"gi|24307879"	"DYNC1I2"	"NP_001369"	638	"dynein, cytoplasmic 1, intermediate chain 2"
"gi|24307939"	"CCT5"	"NP_036205"	541	"chaperonin containing TCP1, subunit 5 (epsilon)"
"gi|24307971"	"STK38L"	"NP_055815"	464	"serine/threonine kinase 38 like"
"gi|24307981"	"EXOSC7"	"NP_055819"	291	"exosome component 7"
"gi|24308009"	"METAP1"	"NP_055958"	272	"methionyl aminopeptidase 1"
"gi|24308033"	"FNBP4"	"NP_056123"	1015	"formin binding protein 4"
"gi|24308177"	"IWS1"	"NP_060439"	819	"IWS1 homolog (S. cerevisiae)"
"gi|24308207"	"LRRC47"	"NP_065761"	583	"leucine rich repeat containing 47"
"gi|24308261"	"MIER1"	"NP_065999"	536	"mesoderm induction early response 1 homolog (Xenopus laevis)"
"gi|24308444"	"WDR92"	"NP_612467"	357	"WD repeat domain 92"
"gi|24415404"	"MDN1"	"NP_055426"	5596	"MDN1, midasin homolog (yeast)"
"gi|24430139"	"RPAP1"	"NP_056355"	1393	"RNA polymerase II associated protein 1"
"gi|24430146"	"NUP153"	"NP_005115"	1475	"nucleoporin 153kDa"
"gi|24430149"	"NUP155"	"NP_705618"	1391	"nucleoporin 155kDa"
"gi|24430155"	"PSMC4"	"NP_694546"	387	"proteasome (prosome, macropain) 26S subunit, ATPase, 4"
"gi|24432106"	"KIAA1967"	"NP_066997"	923	"KIAA1967"
"gi|24475847"	"IVNS1ABP"	"NP_006460"	642	"influenza virus NS1A binding protein"
"gi|24497603"	"NUP62"	"NP_036478"	522	"nucleoporin 62kDa"
"gi|24497620"	"SRP68"	"NP_055045"	627	"signal recognition particle 68kDa"
"gi|24638446"	"HIST2H2AC"	"NP_003508"	129	"histone cluster 2, H2ac"
"gi|24638454"	"ATP2A2"	"NP_733765"	1042	"ATPase, Ca++ transporting, cardiac muscle, slow twitch 2"
"gi|24797086"	"IPO5"	"NP_002262"	1115	"importin 5"
"gi|25188179"	"VDAC3"	"NP_005653"	283	"voltage-dependent anion channel 3"
"gi|25453472"	"EEF1D"	"NP_001951"	281	"eukaryotic translation elongation factor 1 delta (guanine nucleotide exchange protein)"
"gi|25470886"	"DAZAP1"	"NP_061832"	407	"DAZ associated protein 1"
"gi|25777600"	"PSMD1"	"NP_002798"	953	"proteasome (prosome, macropain) 26S subunit, non-ATPase, 1"
"gi|25777602"	"PSMD2"	"NP_002799"	908	"proteasome (prosome, macropain) 26S subunit, non-ATPase, 2"
"gi|25777615"	"PSMD7"	"NP_002802"	324	"proteasome (prosome, macropain) 26S subunit, non-ATPase, 7"
"gi|25777617"	"CDYL"	"NP_004815"	598	"chromodomain protein, Y-like"
"gi|25777671"	"PPP1R10"	"NP_002705"	940	"protein phosphatase 1, regulatory subunit 10"
"gi|25777711"	"SKP1"	"NP_008861"	160	"S-phase kinase-associated protein 1"
"gi|25777730"	"ALDH1B1"	"NP_000683"	517	"aldehyde dehydrogenase 1 family, member B1"
"gi|26051235"	"NUP133"	"NP_060700"	1156	"nucleoporin 133kDa"
"gi|26051278"	"POM121"	"NP_742017"	984	"POM121 membrane glycoprotein"
"gi|26667180"	"CAMK2D"	"NP_001212"	499	"calcium/calmodulin-dependent protein kinase II delta"
"gi|27363457"	"ADCK4"	"NP_079152"	544	"aarF domain containing kinase 4"
"gi|27436901"	"SLC25A10"	"NP_002940"	198	"solute carrier family 25 (mitochondrial carrier; dicarboxylate transporter), member 10"
"gi|27436946"	"LMNA"	"NP_733821"	664	"lamin A/C"
"gi|27477134"	"NUP210"	"NP_079199"	1887	"nucleoporin 210kDa"
"gi|27545326"	"SMARCB1"	"NP_003064"	385	"SWI/SNF related, matrix associated, actin dependent regulator of chromatin, subfamily b, member 1"
"gi|27597059"	"DNAJC9"	"NP_056005"	260	"DnaJ (Hsp40) homolog, subfamily C, member 9"
"gi|27597090"	"SUPT6H"	"NP_003161"	1726	"suppressor of Ty 6 homolog (S. cerevisiae)"
"gi|27734727"	"INO80E"	"NP_775889"	244	"INO80 complex subunit E"
"gi|27734917"	"PLBD2"	"NP_775813"	589	"phospholipase B domain containing 2"
"gi|27735029"	"MOB1B"	"NP_775739"	216	"MOB kinase activator 1B"
"gi|27764863"	"SLC25A6"	"NP_001627"	298	"solute carrier family 25 (mitochondrial carrier; adenine nucleotide translocator), member 6"
"gi|28144916"	"LIN37"	"NP_061977"	246	"lin-37 homolog (C. elegans)"
"gi|28373117"	"CNTN1"	"NP_001834"	1018	"contactin 1"
"gi|28557709"	"PRPS1L1"	"NP_787082"	318	"phosphoribosyl pyrophosphate synthetase 1-like 1"
"gi|28559039"	"MED1"	"NP_004765"	1581	"mediator complex subunit 1"
"gi|28882049"	"RFC2"	"NP_002905"	320	"replication factor C (activator 1) 2, 40kDa"
"gi|29029559"	"CSE1L"	"NP_001307"	971	"CSE1 chromosome segregation 1-like (yeast)"
"gi|29171734"	"EIF2C2"	"NP_036286"	859	"eukaryotic translation initiation factor 2C, 2"
"gi|29294624"	"SNRPD2"	"NP_808210"	118	"small nuclear ribonucleoprotein D2 polypeptide 16.5kDa"
"gi|29568103"	"SNRNP70"	"NP_003080"	437	"small nuclear ribonucleoprotein 70kDa (U1)"
"gi|29570791"	"CSNK2A1"	"NP_808227"	391	"casein kinase 2, alpha 1 polypeptide"
"gi|29788768"	"TUBB2B"	"NP_821080"	445	"tubulin, beta 2B class IIb"
"gi|29788785"	"TUBB"	"NP_821133"	444	"tubulin, beta class I"
"gi|29789006"	"FERMT2"	"NP_006823"	680	"fermitin family member 2"
"gi|29789090"	"RCC2"	"NP_061185"	522	"regulator of chromosome condensation 2"
"gi|29826282"	"PPM1G"	"NP_817092"	546	"protein phosphatase, Mg2+/Mn2+ dependent, 1G"
"gi|29826319"	"ADD1"	"NP_001110"	737	"adducin 1 (alpha)"
"gi|29826335"	"EIF2S2"	"NP_003899"	333	"eukaryotic translation initiation factor 2, subunit 2 beta, 38kDa"
"gi|29837655"	"POLDIP3"	"NP_115687"	421	"polymerase (DNA-directed), delta interacting protein 3"
"gi|29893564"	"MCRS1"	"NP_006328"	462	"microspherule protein 1"
"gi|30410720"	"EXOC1"	"NP_060731"	894	"exocyst complex component 1"
"gi|30474871"	"SPTLC1"	"NP_847894"	143	"serine palmitoyltransferase, long chain base subunit 1"
"gi|30581135"	"SMC1A"	"NP_006297"	1233	"structural maintenance of chromosomes 1A"
"gi|30794372"	"PBRM1"	"NP_060635"	1602	"polybromo 1"
"gi|30795212"	"IGF2BP3"	"NP_006538"	579	"insulin-like growth factor 2 mRNA binding protein 3"
"gi|30795231"	"BASP1"	"NP_006308"	227	"brain abundant, membrane attached signal protein 1"
"gi|31083035"	"MRPL52"	"NP_848026"	123	"mitochondrial ribosomal protein L52"
"gi|31377595"	"ZC3H18"	"NP_653205"	953	"zinc finger CCCH-type containing 18"
"gi|31541941"	"HSPA4L"	"NP_055093"	839	"heat shock 70kDa protein 4-like"
"gi|31542319"	"COPE"	"NP_009194"	308	"coatomer protein complex, subunit epsilon"
"gi|31542539"	"DNAJA3"	"NP_005138"	480	"DnaJ (Hsp40) homolog, subfamily A, member 3"
"gi|31542680"	"ACTR5"	"NP_079131"	607	"ARP5 actin-related protein 5 homolog (yeast)"
"gi|31542947"	"HSPD1"	"NP_002147"	573	"heat shock 60kDa protein 1 (chaperonin)"
"gi|31543164"	"THOC6"	"NP_077315"	341	"THO complex 6 homolog (Drosophila)"
"gi|31543212"	"MST1"	"NP_066278"	711	"macrophage stimulating 1 (hepatocyte growth factor-like)"
"gi|31543419"	"PNKP"	"NP_009185"	521	"polynucleotide kinase 3'-phosphatase"
"gi|31543653"	"SRP14"	"NP_003125"	136	"signal recognition particle 14kDa (homologous Alu RNA binding protein)"
"gi|31543831"	"TUBG1"	"NP_001061"	451	"tubulin, gamma 1"
"gi|31563378"	"EIF6"	"NP_852133"	245	"eukaryotic translation initiation factor 6"
"gi|31563531"	"STAG2"	"NP_006594"	1231	"stromal antigen 2"
"gi|31621305"	"LRPPRC"	"NP_573566"	1394	"leucine-rich PPR-motif containing"
"gi|31652264"	"RBM26"	"NP_071401"	980	"RNA binding motif protein 26"
"gi|31742498"	"SUN2"	"NP_056189"	717	"Sad1 and UNC84 domain containing 2"
"gi|31742503"	"HIST2H3A"	"NP_066403"	136	"histone cluster 2, H3a"
"gi|31881687"	"RFC4"	"NP_853551"	363	"replication factor C (activator 1) 4, 37kDa"
"gi|32189392"	"PRDX2"	"NP_005800"	198	"peroxiredoxin 2"
"gi|32189394"	"ATP5B"	"NP_001677"	529	"ATP synthase, H+ transporting, mitochondrial F1 complex, beta polypeptide"
"gi|32307148"	"OGT"	"NP_858058"	1046	"O-linked N-acetylglucosamine (GlcNAc) transferase (UDP-N-acetylglucosamine:polypeptide-N-acetylglucosaminyl transferase)"
"gi|32454741"	"SERPINH1"	"NP_001226"	418	"serpin peptidase inhibitor, clade H (heat shock protein 47), member 1, (collagen binding protein 1)"
"gi|32455264"	"PRDX1"	"NP_859047"	199	"peroxiredoxin 1"
"gi|32483367"	"ORC3"	"NP_036513"	711	"origin recognition complex, subunit 3"
"gi|32483374"	"NOP56"	"NP_006383"	594	"NOP56 ribonucleoprotein homolog (yeast)"
"gi|32483377"	"PRDX3"	"NP_054817"	238	"peroxiredoxin 3"
"gi|32483416"	"NEFH"	"NP_066554"	1020	"neurofilament, heavy polypeptide"
"gi|32490572"	"EPB41L3"	"NP_036439"	1087	"erythrocyte membrane protein band 4.1-like 3"
"gi|32528306"	"RFC1"	"NP_002904"	1147	"replication factor C (activator 1) 1, 145kDa"
"gi|32698714"	"KIAA1267"	"NP_056258"	1105	"KIAA1267"
"gi|32698750"	"SCAF1"	"NP_067051"	1312	"SR-related CTD-associated factor 1"
"gi|32967601"	"ANK3"	"NP_066267"	4377	"ankyrin 3, node of Ranvier (ankyrin G)"
"gi|32967603"	"BAZ1A"	"NP_038476"	1556	"bromodomain adjacent to zinc finger domain, 1A"
"gi|32996737"	"LIN9"	"NP_775106"	558	"lin-9 homolog (C. elegans)"
"gi|33239445"	"EIF3B"	"NP_003742"	814	"eukaryotic translation initiation factor 3, subunit B"
"gi|33239451"	"PCNA"	"NP_872590"	261	"proliferating cell nuclear antigen"
"gi|33286418"	"PKM2"	"NP_002645"	531	"pyruvate kinase, muscle"
"gi|33350932"	"DYNC1H1"	"NP_001367"	4646	"dynein, cytoplasmic 1, heavy chain 1"
"gi|33356174"	"PNN"	"NP_002678"	717	"pinin, desmosome associated protein"
"gi|33356547"	"MCM2"	"NP_004517"	904	"minichromosome maintenance complex component 2"
"gi|33469968"	"MCM7"	"NP_005907"	719	"minichromosome maintenance complex component 7"
"gi|33598968"	"LMO7"	"NP_005349"	1349	"LIM domain 7"
"gi|33620716"	"RBBP6"	"NP_061173"	1758	"retinoblastoma binding protein 6"
"gi|33620775"	"KTN1"	"NP_891556"	1357	"kinectin 1 (kinesin receptor)"
"gi|33636750"	"UBE2O"	"NP_071349"	1292	"ubiquitin-conjugating enzyme E2O"
"gi|33946282"	"KIAA1429"	"NP_056311"	1812	"KIAA1429"
"gi|33946324"	"GNAI1"	"NP_002060"	354	"guanine nucleotide binding protein (G protein), alpha inhibiting activity polypeptide 1"
"gi|33946327"	"NUP214"	"NP_005076"	2090	"nucleoporin 214kDa"
"gi|34098946"	"YBX1"	"NP_004550"	324	"Y box binding protein 1"
"gi|34101286"	"ZFR"	"NP_057191"	1074	"zinc finger RNA binding protein"
"gi|34101288"	"CPSF2"	"NP_059133"	782	"cleavage and polyadenylation specific factor 2, 100kDa"
"gi|34147630"	"TUFM"	"NP_003312"	455	"Tu translation elongation factor, mitochondrial"
"gi|34419635"	"HSPA6"	"NP_002146"	643	"heat shock 70kDa protein 6 (HSP70B')"
"gi|34452705"	"BRD8"	"NP_006687"	951	"bromodomain containing 8"
"gi|34485722"	"KPNA3"	"NP_002258"	521	"karyopherin alpha 3 (importin alpha 4)"
"gi|34577110"	"ALDOA"	"NP_908930"	364	"aldolase A, fructose-bisphosphate"
"gi|34740329"	"HNRNPA3"	"NP_919223"	378	"heterogeneous nuclear ribonucleoprotein A3"
"gi|34932414"	"NONO"	"NP_031389"	471	"non-POU domain containing, octamer-binding"
"gi|35493811"	"RBM39"	"NP_909122"	530	"RNA binding motif protein 39"
"gi|35493916"	"RPN2"	"NP_002942"	631	"ribophorin II"
"gi|35493987"	"UBE2I"	"NP_919235"	158	"ubiquitin-conjugating enzyme E2I"
"gi|36287069"	"KAT5"	"NP_874369"	546	"K(lysine) acetyltransferase 5"
"gi|37588859"	"RNF41"	"NP_919339"	246	"ring finger protein 41"
"gi|38016127"	"RBM34"	"NP_055829"	425	"RNA binding motif protein 34"
"gi|38016947"	"C5"	"NP_001726"	1676	"complement component 5"
"gi|38044290"	"ZCCHC8"	"NP_060082"	707	"zinc finger, CCHC domain containing 8"
"gi|38045913"	"NME1"	"NP_937818"	177	"non-metastatic cells 1, protein (NM23A) expressed in"
"gi|38149981"	"SNRPB2"	"NP_937863"	225	"small nuclear ribonucleoprotein polypeptide B"
"gi|38201619"	"EIF4G1"	"NP_004944"	1403	"eukaryotic translation initiation factor 4 gamma, 1"
"gi|38201655"	"ING3"	"NP_061944"	418	"inhibitor of growth family, member 3"
"gi|38201710"	"DDX17"	"NP_006377"	729	"DEAD (Asp-Glu-Ala-Asp) box polypeptide 17"
"gi|38201714"	"ELAVL1"	"NP_001410"	326	"ELAV (embryonic lethal, abnormal vision, Drosophila)-like 1 (Hu antigen R)"
"gi|38202257"	"GANAB"	"NP_938148"	944	"glucosidase, alpha; neutral AB"
"gi|38327039"	"HSPA4"	"NP_002145"	840	"heat shock 70kDa protein 4"
"gi|38327552"	"G3BP1"	"NP_938405"	466	"GTPase activating protein (SH3 domain) binding protein 1"
"gi|38327634"	"DDX18"	"NP_006764"	670	"DEAD (Asp-Glu-Ala-Asp) box polypeptide 18"
"gi|38372923"	"BSG"	"NP_940993"	205	"basigin (Ok blood group)"
"gi|38455427"	"CCT4"	"NP_006421"	539	"chaperonin containing TCP1, subunit 4 (delta)"
"gi|38488718"	"INO80D"	"NP_060229"	878	"INO80 complex subunit D"
"gi|38490531"	"SUGP2"	"NP_055699"	1082	"SURP and G patch domain containing 2"
"gi|38569466"	"ROD1"	"NP_005147"	552	"ROD1 regulator of differentiation 1 (S. pombe)"
"gi|38570081"	"CELF1"	"NP_941989"	483	"CUGBP, Elav-like family member 1"
"gi|38683855"	"PTCD3"	"NP_060422"	689	"Pentatricopeptide repeat domain 3"
"gi|39652628"	"FAM120A"	"NP_055427"	1118	"family with sequence similarity 120A"
"gi|39725634"	"LARP1"	"NP_056130"	1019	"La ribonucleoprotein domain family, member 1"
"gi|39725938"	"POLR3A"	"NP_008986"	1390	"polymerase (RNA) III (DNA directed) polypeptide A, 155kDa"
"gi|39812115"	"ACTR8"	"NP_075050"	624	"ARP8 actin-related protein 8 homolog (yeast)"
"gi|39930353"	"SKIV2L2"	"NP_056175"	1042	"superkiller viralicidic activity 2-like 2 (S. cerevisiae)"
"gi|39930355"	"DPCD"	"NP_056263"	203	"deleted in primary ciliary dyskinesia homolog (mouse)"
"gi|39930469"	"RPF2"	"NP_115570"	306	"ribosome production factor 2 homolog (S. cerevisiae)"
"gi|39930523"	"C11orf84"	"NP_612480"	381	"chromosome 11 open reading frame 84"
"gi|39995084"	"INTS3"	"NP_075391"	1042	"integrator complex subunit 3"
"gi|40018640"	"CDC73"	"NP_078805"	531	"cell division cycle 73, Paf1/RNA polymerase II complex component, homolog (S. cerevisiae)"
"gi|40217790"	"ZNF512"	"NP_115810"	567	"zinc finger protein 512"
"gi|40217805"	"NOL9"	"NP_078930"	702	"nucleolar protein 9"
"gi|40217847"	"SNRNP200"	"NP_054733"	2136	"small nuclear ribonucleoprotein 200kDa (U5)"
"gi|40254861"	"UBAP2L"	"NP_055662"	1087	"ubiquitin associated protein 2-like"
"gi|40254869"	"PRPF31"	"NP_056444"	499	"PRP31 pre-mRNA processing factor 31 homolog (S. cerevisiae)"
"gi|40254924"	"LRRC59"	"NP_060979"	307	"leucine rich repeat containing 59"
"gi|40254978"	"FIP1L1"	"NP_112179"	594	"FIP1 like 1 (S. cerevisiae)"
"gi|40255020"	"MEAF6"	"NP_073593"	201	"MYST/Esa1-associated factor 6"
"gi|40556376"	"GLYR1"	"NP_115958"	553	"glyoxylate reductase 1 homolog (Arabidopsis)"
"gi|40786394"	"FAHD2B"	"NP_955368"	314	"fumarylacetoacetate hydrolase domain containing 2B"
"gi|40789229"	"SCAF4"	"NP_065757"	1147	"SR-related CTD-associated factor 4"
"gi|40807477"	"RAI1"	"NP_109590"	1906	"retinoic acid induced 1"
"gi|40807485"	"PRPF6"	"NP_036601"	941	"PRP6 pre-mRNA processing factor 6 homolog (S. cerevisiae)"
"gi|41152056"	"EFTUD2"	"NP_004238"	972	"elongation factor Tu GTP binding domain containing 2"
"gi|41281398"	"SHOC2"	"NP_031399"	582	"soc-2 suppressor of clear homolog (C. elegans)"
"gi|41281437"	"NUP93"	"NP_055484"	819	"nucleoporin 93kDa"
"gi|41281483"	"BMS1"	"NP_055568"	1282	"BMS1 homolog, ribosome assembly protein (yeast)"
"gi|41281573"	"BAHD1"	"NP_055767"	780	"bromo adjacent homology domain containing 1"
"gi|41281612"	"CHAMP1"	"NP_115812"	812	"chromosome alignment maintaining phosphoprotein 1"
"gi|41327764"	"AKR7A2"	"NP_003680"	359	"aldo-keto reductase family 7, member A2 (aflatoxin aldehyde reductase)"
"gi|41327771"	"DDX23"	"NP_004809"	820	"DEAD (Asp-Glu-Ala-Asp) box polypeptide 23"
"gi|41327773"	"DDX46"	"NP_055644"	1031	"DEAD (Asp-Glu-Ala-Asp) box polypeptide 46"
"gi|41393554"	"LUC7L"	"NP_958815"	371	"LUC7-like (S. cerevisiae)"
"gi|41406064"	"MYH10"	"NP_005955"	1976	"myosin, heavy chain 10, non-muscle"
"gi|41872577"	"RFTN1"	"NP_055965"	578	"raftlin, lipid raft linker 1"
"gi|41872631"	"FASN"	"NP_004095"	2511	"fatty acid synthase"
"gi|42475941"	"ZMYM3"	"NP_963893"	1370	"zinc finger, MYM-type 3"
"gi|42476007"	"SLFN11"	"NP_689483"	901	"schlafen family member 11"
"gi|42476022"	"TTC27"	"NP_060205"	843	"tetratricopeptide repeat domain 27"
"gi|42476127"	"POLR3B"	"NP_060552"	1133	"polymerase (RNA) III (DNA directed) polypeptide B"
"gi|42476130"	"UIMC1"	"NP_057374"	719	"ubiquitin interaction motif containing 1"
"gi|42476281"	"VDAC2"	"NP_003366"	294	"voltage-dependent anion channel 2"
"gi|42519916"	"FOXO3"	"NP_963853"	673	"forkhead box O3"
"gi|42542379"	"SRRM1"	"NP_005830"	904	"serine/arginine repetitive matrix 1"
"gi|42542392"	"CEBPZ"	"NP_005751"	1054	"CCAAT/enhancer binding protein (C/EBP), zeta"
"gi|42544123"	"SF1"	"NP_973727"	548	"splicing factor 1"
"gi|42544159"	"HSPH1"	"NP_006635"	858	"heat shock 105kDa/110kDa protein 1"
"gi|42544179"	"CIZ1"	"NP_036259"	898	"CDKN1A interacting zinc finger protein 1"
"gi|42558250"	"CAPRIN1"	"NP_005889"	709	"cell cycle associated protein 1"
"gi|42560246"	"POLR1C"	"NP_976035"	346	"polymerase (RNA) I polypeptide C, 30kDa"
"gi|42716280"	"HDLBP"	"NP_976221"	1268	"high density lipoprotein binding protein"
"gi|42734325"	"WAPAL"	"NP_055860"	1190	"wings apart-like homolog (Drosophila)"
"gi|42741679"	"ATP6V0A2"	"NP_036595"	856	"ATPase, H+ transporting, lysosomal V0 subunit a2"
"gi|42822884"	"INO80C"	"NP_919257"	192	"INO80 complex subunit C"
"gi|44681484"	"CDCA2"	"NP_689775"	1023	"cell division cycle associated 2"
"gi|44888822"	"RPRD2"	"NP_056018"	1424	"regulation of nuclear pre-mRNA domain containing 2"
"gi|44889481"	"MYO1B"	"NP_036355"	1078	"myosin IB"
"gi|44890068"	"ZMYM4"	"NP_005086"	1548	"zinc finger, MYM-type 4"
"gi|44955910"	"E2F7"	"NP_976328"	911	"E2F transcription factor 7"
"gi|45006986"	"AIMP1"	"NP_004748"	312	"aminoacyl tRNA synthetase complex-interacting multifunctional protein 1"
"gi|4501881"	"ACTA1"	"NP_001091"	377	"actin, alpha 1, skeletal muscle"
"gi|4501885"	"ACTB"	"NP_001092"	375	"actin, beta"
"gi|4501891"	"ACTN1"	"NP_001093"	892	"actinin, alpha 1"
"gi|4501955"	"PARP1"	"NP_001609"	1014	"poly (ADP-ribose) polymerase 1"
"gi|4502005"	"AHSG"	"NP_001613"	367	"alpha-2-HS-glycoprotein"
"gi|4502013"	"AK2"	"NP_001616"	239	"adenylate kinase 2"
"gi|4502027"	"ALB"	"NP_000468"	609	"albumin"
"gi|4502101"	"ANXA1"	"NP_000691"	346	"annexin A1"
"gi|4502171"	"APRT"	"NP_000476"	180	"adenine phosphoribosyltransferase"
"gi|4502281"	"ATP1B3"	"NP_001670"	279	"ATPase, Na+/K+ transporting, beta 3 polypeptide"
"gi|4502303"	"ATP5O"	"NP_001688"	213	"ATP synthase, H+ transporting, mitochondrial F1 complex, O subunit"
"gi|4502313"	"ATP6V0C"	"NP_001685"	155	"ATPase, H+ transporting, lysosomal 16kDa, V0 subunit c"
"gi|4502317"	"ATP6V1E1"	"NP_001687"	226	"ATPase, H+ transporting, lysosomal 31kDa, V1 subunit E1"
"gi|4502389"	"BANF1"	"NP_003851"	89	"barrier to autointegration factor 1"
"gi|4502491"	"C1QBP"	"NP_001203"	282	"complement component 1, q subcomponent binding protein"
"gi|4502549"	"CALM1"	"NP_001734"	149	"calmodulin 1 (phosphorylase kinase, delta)"
"gi|4502551"	"CALU"	"NP_001210"	315	"calumenin"
"gi|4502643"	"CCT6A"	"NP_001753"	531	"chaperonin containing TCP1, subunit 6A (zeta 1)"
"gi|4502787"	"CGA"	"NP_000726"	116	"glycoprotein hormones, alpha polypeptide"
"gi|4502801"	"RCC1"	"NP_001260"	421	"regulator of chromosome condensation 1"
"gi|4502847"	"CIRBP"	"NP_001271"	172	"cold inducible RNA binding protein"
"gi|4502891"	"CLNS1A"	"NP_001284"	237	"chloride channel, nucleotide-sensitive, 1A"
"gi|4502899"	"CLTA"	"NP_001824"	218	"clathrin, light chain A"
"gi|4503097"	"CSNK2A2"	"NP_001887"	350	"casein kinase 2, alpha prime polypeptide"
"gi|4503131"	"CTNNB1"	"NP_001895"	781	"catenin (cadherin-associated protein), beta 1, 88kDa"
"gi|4503165"	"CUL3"	"NP_003581"	768	"cullin 3"
"gi|4503249"	"DEK"	"NP_003463"	375	"DEK oncogene"
"gi|4503337"	"DKC1"	"NP_001354"	514	"dyskeratosis congenita 1, dyskerin"
"gi|4503351"	"DNMT1"	"NP_001370"	1616	"DNA (cytosine-5-)-methyltransferase 1"
"gi|4503471"	"EEF1A1"	"NP_001393"	462	"eukaryotic translation elongation factor 1 alpha 1"
"gi|4503475"	"EEF1A2"	"NP_001949"	463	"eukaryotic translation elongation factor 1 alpha 2"
"gi|4503481"	"EEF1G"	"NP_001395"	437	"eukaryotic translation elongation factor 1 gamma"
"gi|4503483"	"EEF2"	"NP_001952"	858	"eukaryotic translation elongation factor 2"
"gi|4503509"	"EIF3A"	"NP_003741"	1382	"eukaryotic translation initiation factor 3, subunit A"
"gi|4503513"	"EIF3I"	"NP_003748"	325	"eukaryotic translation initiation factor 3, subunit I"
"gi|4503521"	"EIF3E"	"NP_001559"	445	"eukaryotic translation initiation factor 3, subunit E"
"gi|4503523"	"EIF3D"	"NP_003744"	548	"eukaryotic translation initiation factor 3, subunit D"
"gi|4503525"	"EIF3C"	"NP_003743"	913	"eukaryotic translation initiation factor 3, subunit C"
"gi|4503529"	"EIF4A1"	"NP_001407"	406	"eukaryotic translation initiation factor 4A1"
"gi|4503545"	"EIF5A"	"NP_001961"	154	"eukaryotic translation initiation factor 5A"
"gi|4503571"	"ENO1"	"NP_001419"	434	"enolase 1, (alpha)"
"gi|4503607"	"ETFA"	"NP_000117"	333	"electron-transfer-flavoprotein, alpha polypeptide"
"gi|4503609"	"ETFB"	"NP_001976"	255	"electron-transfer-flavoprotein, beta polypeptide"
"gi|4503635"	"F2"	"NP_000497"	622	"coagulation factor II (thrombin)"
"gi|4503659"	"FAU"	"NP_001988"	133	"Finkel-Biskis-Reilly murine sarcoma virus (FBR-MuSV) ubiquitously expressed"
"gi|4503727"	"FKBP3"	"NP_002004"	224	"FK506 binding protein 3, 25kDa"
"gi|4503765"	"FMR1"	"NP_002015"	632	"fragile X mental retardation 1"
"gi|4503841"	"XRCC6"	"NP_001460"	609	"X-ray repair complementing defective repair in Chinese hamster cells 6"
"gi|4503971"	"GDI1"	"NP_001484"	447	"GDP dissociation inhibitor 1"
"gi|4504035"	"GMPS"	"NP_003866"	693	"guanine monphosphate synthetase"
"gi|4504041"	"GNAI2"	"NP_002061"	355	"guanine nucleotide binding protein (G protein), alpha inhibiting activity polypeptide 2"
"gi|4504183"	"GSTP1"	"NP_000843"	210	"glutathione S-transferase pi 1"
"gi|4504191"	"MSH6"	"NP_000170"	1360	"mutS homolog 6 (E. coli)"
"gi|4504195"	"GTF2E2"	"NP_002086"	291	"general transcription factor IIE, polypeptide 2, beta 34kDa"
"gi|4504205"	"GTF3C2"	"NP_001512"	911	"general transcription factor IIIC, polypeptide 2, beta 110kDa"
"gi|4504253"	"H2AFX"	"NP_002096"	143	"H2A histone family, member X"
"gi|4504255"	"H2AFZ"	"NP_002097"	128	"H2A histone family, member Z"
"gi|4504279"	"H3F3A"	"NP_002098"	136	"H3 histone, family 3A"
"gi|4504327"	"HADHB"	"NP_000174"	474	"hydroxyacyl-CoA dehydrogenase/3-ketoacyl-CoA thiolase/enoyl-CoA hydratase (trifunctional protein), beta subunit"
"gi|4504345"	"HBA1"	"NP_000508"	142	"hemoglobin, alpha 1"
"gi|4504349"	"HBB"	"NP_000509"	147	"hemoglobin, beta"
"gi|4504425"	"HMGB1"	"NP_002119"	215	"high mobility group box 1"
"gi|4504431"	"HMGA2"	"NP_003474"	109	"high mobility group AT-hook 2"
"gi|4504511"	"DNAJA1"	"NP_001530"	397	"DnaJ (Hsp40) homolog, subfamily A, member 1"
"gi|4504517"	"HSPB1"	"NP_001531"	205	"heat shock 27kDa protein 1"
"gi|4504715"	"PABPC4"	"NP_003810"	644	"poly(A) binding protein, cytoplasmic 4 (inducible form)"
"gi|4504733"	"IRS4"	"NP_003595"	1257	"insulin receptor substrate 4"
"gi|4504865"	"KHSRP"	"NP_003676"	711	"KH-type splicing regulatory protein"
"gi|4504897"	"KPNA2"	"NP_002257"	529	"karyopherin alpha 2 (RAG cohort 1, importin alpha 1)"
"gi|4504951"	"LAMB1"	"NP_002282"	1786	"laminin, beta 1"
"gi|4504957"	"LAMP2"	"NP_002285"	410	"lysosomal-associated membrane protein 2"
"gi|4505047"	"LUM"	"NP_002336"	338	"lumican"
"gi|4505055"	"LYN"	"NP_002341"	512	"v-yes-1 Yamaguchi sarcoma viral related oncogene homolog"
"gi|4505117"	"MBD2"	"NP_003918"	411	"methyl-CpG binding domain protein 2"
"gi|4505119"	"MBD3"	"NP_003917"	291	"methyl-CpG binding domain protein 3"
"gi|4505185"	"MIF"	"NP_002406"	115	"macrophage migration inhibitory factor (glycosylation-inhibiting factor)"
"gi|4505257"	"MSN"	"NP_002435"	577	"moesin"
"gi|4505293"	"MYBL2"	"NP_002457"	700	"v-myb myeloblastosis viral oncogene homolog (avian)-like 2"
"gi|4505317"	"PPP1R12A"	"NP_002471"	1030	"protein phosphatase 1, regulatory subunit 12A"
"gi|4505343"	"NCBP1"	"NP_002477"	790	"nuclear cap binding protein subunit 1, 80kDa"
"gi|4505753"	"PGAM1"	"NP_002620"	254	"phosphoglycerate mutase 1 (brain)"
"gi|4505763"	"PGK1"	"NP_000282"	417	"phosphoglycerate kinase 1"
"gi|4505775"	"SLC25A3"	"NP_002626"	361	"solute carrier family 25 (mitochondrial carrier; phosphate carrier), member 3"
"gi|4505813"	"DYNLL1"	"NP_003737"	89	"dynein, light chain, LC8-type 1"
"gi|4505895"	"PLRG1"	"NP_002660"	514	"pleiotropic regulator 1"
"gi|4505917"	"EXOSC10"	"NP_002676"	860	"exosome component 10"
"gi|4505933"	"POLD1"	"NP_002682"	1107	"polymerase (DNA directed), delta 1, catalytic subunit 125kDa"
"gi|4505939"	"POLR2A"	"NP_000928"	1970	"polymerase (RNA) II (DNA directed) polypeptide A, 220kDa"
"gi|4505941"	"POLR2B"	"NP_000929"	1174	"polymerase (RNA) II (DNA directed) polypeptide B, 140kDa"
"gi|4506003"	"PPP1CA"	"NP_002699"	330	"protein phosphatase 1, catalytic subunit, alpha isozyme"
"gi|4506005"	"PPP1CB"	"NP_002700"	327	"protein phosphatase 1, catalytic subunit, beta isozyme"
"gi|4506007"	"PPP1CC"	"NP_002701"	323	"protein phosphatase 1, catalytic subunit, gamma isozyme"
"gi|4506031"	"PPT1"	"NP_000301"	306	"palmitoyl-protein thioesterase 1"
"gi|4506145"	"PRSS1"	"NP_002760"	247	"protease, serine, 1 (trypsin 1)"
"gi|4506185"	"PSMA4"	"NP_002780"	261	"proteasome (prosome, macropain) subunit, alpha type, 4"
"gi|4506193"	"PSMB1"	"NP_002784"	241	"proteasome (prosome, macropain) subunit, beta type, 1"
"gi|4506203"	"PSMB7"	"NP_002790"	277	"proteasome (prosome, macropain) subunit, beta type, 7"
"gi|4506331"	"PTS"	"NP_000308"	145	"6-pyruvoyltetrahydropterin synthase"
"gi|4506355"	"PZP"	"NP_002855"	1482	"pregnancy-zone protein"
"gi|4506387"	"RAD23B"	"NP_002865"	409	"RAD23 homolog B (S. cerevisiae)"
"gi|4506411"	"RANGAP1"	"NP_002874"	587	"Ran GTPase activating protein 1"
"gi|4506439"	"RBBP7"	"NP_002884"	425	"retinoblastoma binding protein 7"
"gi|4506455"	"RCN1"	"NP_002892"	331	"reticulocalbin 1, EF-hand calcium binding domain"
"gi|4506457"	"RCN2"	"NP_002893"	317	"reticulocalbin 2, EF-hand calcium binding domain"
"gi|4506583"	"RPA1"	"NP_002936"	616	"replication protein A1, 70kDa"
"gi|4506587"	"RPA3"	"NP_002938"	121	"replication protein A3, 14kDa"
"gi|4506597"	"RPL12"	"NP_000967"	165	"ribosomal protein L12"
"gi|4506605"	"RPL23"	"NP_000969"	140	"ribosomal protein L23"
"gi|4506607"	"RPL18"	"NP_000970"	188	"ribosomal protein L18"
"gi|4506609"	"RPL19"	"NP_000972"	196	"ribosomal protein L19"
"gi|4506613"	"RPL22"	"NP_000974"	128	"ribosomal protein L22"
"gi|4506617"	"RPL17"	"NP_000976"	184	"ribosomal protein L17"
"gi|4506619"	"RPL24"	"NP_000977"	157	"ribosomal protein L24"
"gi|4506621"	"RPL26"	"NP_000978"	145	"ribosomal protein L26"
"gi|4506623"	"RPL27"	"NP_000979"	136	"ribosomal protein L27"
"gi|4506625"	"RPL27A"	"NP_000981"	148	"ribosomal protein L27a"
"gi|4506631"	"RPL30"	"NP_000980"	115	"ribosomal protein L30"
"gi|4506633"	"RPL31"	"NP_000984"	125	"ribosomal protein L31"
"gi|4506635"	"RPL32"	"NP_000985"	135	"ribosomal protein L32"
"gi|4506643"	"RPL37A"	"NP_000989"	92	"ribosomal protein L37a"
"gi|4506645"	"RPL38"	"NP_000990"	70	"ribosomal protein L38"
"gi|4506649"	"RPL3"	"NP_000958"	403	"ribosomal protein L3"
"gi|4506661"	"RPL7A"	"NP_000963"	266	"ribosomal protein L7a"
"gi|4506669"	"RPLP1"	"NP_000994"	114	"ribosomal protein, large, P1"
"gi|4506671"	"RPLP2"	"NP_000995"	115	"ribosomal protein, large, P2"
"gi|4506675"	"RPN1"	"NP_002941"	607	"ribophorin I"
"gi|4506679"	"RPS10"	"NP_001005"	165	"ribosomal protein S10"
"gi|4506681"	"RPS11"	"NP_001006"	158	"ribosomal protein S11"
"gi|4506685"	"RPS13"	"NP_001008"	151	"ribosomal protein S13"
"gi|4506687"	"RPS15"	"NP_001009"	145	"ribosomal protein S15"
"gi|4506691"	"RPS16"	"NP_001011"	146	"ribosomal protein S16"
"gi|4506693"	"RPS17"	"NP_001012"	135	"ribosomal protein S17"
"gi|4506695"	"RPS19"	"NP_001013"	145	"ribosomal protein S19"
"gi|4506697"	"RPS20"	"NP_001014"	119	"ribosomal protein S20"
"gi|4506699"	"RPS21"	"NP_001015"	83	"ribosomal protein S21"
"gi|4506701"	"RPS23"	"NP_001016"	143	"ribosomal protein S23"
"gi|4506711"	"RPS27"	"NP_001021"	84	"ribosomal protein S27"
"gi|4506713"	"RPS27A"	"NP_002945"	156	"ribosomal protein S27a"
"gi|4506715"	"RPS28"	"NP_001022"	69	"ribosomal protein S28"
"gi|4506723"	"RPS3A"	"NP_000997"	264	"ribosomal protein S3A"
"gi|4506725"	"RPS4X"	"NP_000998"	263	"ribosomal protein S4, X-linked"
"gi|4506741"	"RPS7"	"NP_001002"	194	"ribosomal protein S7"
"gi|4506743"	"RPS8"	"NP_001003"	208	"ribosomal protein S8"
"gi|4506753"	"RUVBL1"	"NP_003698"	456	"RuvB-like 1 (E. coli)"
"gi|4506773"	"S100A9"	"NP_002956"	114	"S100 calcium binding protein A9"
"gi|4506783"	"SAP30"	"NP_003855"	220	"Sin3A-associated protein, 30kDa"
"gi|4506787"	"IQGAP1"	"NP_003861"	1657	"IQ motif containing GTPase activating protein 1"
"gi|4506891"	"SET"	"NP_003002"	277	"SET nuclear oncogene"
"gi|4506901"	"SRSF3"	"NP_003008"	164	"serine/arginine-rich splicing factor 3"
"gi|4506903"	"SRSF9"	"NP_003760"	221	"serine/arginine-rich splicing factor 9"
"gi|4507127"	"SNRPC"	"NP_003084"	159	"small nuclear ribonucleoprotein polypeptide C"
"gi|4507129"	"SNRPE"	"NP_003085"	92	"small nuclear ribonucleoprotein polypeptide E"
"gi|4507131"	"SNRPF"	"NP_003086"	86	"small nuclear ribonucleoprotein polypeptide F"
"gi|4507133"	"SNRPG"	"NP_003087"	76	"small nuclear ribonucleoprotein polypeptide G"
"gi|4507191"	"SPTAN1"	"NP_003118"	2472	"spectrin, alpha, non-erythrocytic 1 (alpha-fodrin)"
"gi|4507215"	"SRP54"	"NP_003127"	504	"signal recognition particle 54kDa"
"gi|4507231"	"SSBP1"	"NP_003134"	148	"single-stranded DNA binding protein 1"
"gi|4507241"	"SSRP1"	"NP_003137"	709	"structure specific recognition protein 1"
"gi|4507357"	"TAGLN2"	"NP_003555"	199	"transgelin 2"
"gi|4507457"	"TFRC"	"NP_003225"	760	"transferrin receptor (p90, CD71)"
"gi|4507499"	"TIAL1"	"NP_003243"	375	"TIA1 cytotoxic granule-associated RNA binding protein-like 1"
"gi|4507521"	"TKT"	"NP_001055"	623	"transketolase"
"gi|4507555"	"TMPO"	"NP_003267"	694	"thymopoietin"
"gi|4507645"	"TPI1"	"NP_000356"	249	"triosephosphate isomerase 1"
"gi|4507669"	"TPT1"	"NP_003286"	172	"tumor protein, translationally-controlled 1"
"gi|4507677"	"HSP90B1"	"NP_003290"	803	"heat shock protein 90kDa beta (Grp94), member 1"
"gi|4507691"	"TRRAP"	"NP_003487"	3830	"transformation/transcription domain-associated protein"
"gi|4507791"	"UBE2M"	"NP_003960"	183	"ubiquitin-conjugating enzyme E2M"
"gi|4507793"	"UBE2N"	"NP_003339"	152	"ubiquitin-conjugating enzyme E2N"
"gi|4507857"	"USP7"	"NP_003461"	1102	"ubiquitin specific peptidase 7 (herpes virus-associated)"
"gi|4507873"	"VBP1"	"NP_003363"	197	"von Hippel-Lindau binding protein 1"
"gi|4507879"	"VDAC1"	"NP_003365"	283	"voltage-dependent anion channel 1"
"gi|4507903"	"VRK1"	"NP_003375"	396	"vaccinia related kinase 1"
"gi|4507943"	"XPO1"	"NP_003391"	1071	"exportin 1 (CRM1 homolog, yeast)"
"gi|4507947"	"YARS"	"NP_003671"	528	"tyrosyl-tRNA synthetase"
"gi|4507955"	"YY1"	"NP_003394"	414	"YY1 transcription factor"
"gi|4508017"	"ZNF207"	"NP_003448"	478	"zinc finger protein 207"
"gi|45331215"	"LZTS2"	"NP_115805"	669	"leucine zipper, putative tumor suppressor 2"
"gi|45333883"	"KBTBD6"	"NP_690867"	674	"kelch repeat and BTB (POZ) domain containing 6"
"gi|45356151"	"NCAPD3"	"NP_056076"	1498	"non-SMC condensin II complex, subunit D3"
"gi|45439306"	"DARS"	"NP_001340"	501	"aspartyl-tRNA synthetase"
"gi|45446743"	"DDX42"	"NP_031398"	938	"DEAD (Asp-Glu-Ala-Asp) box polypeptide 42"
"gi|45505149"	"NFIC"	"NP_005588"	428	"nuclear factor I/C (CCAAT-binding transcription factor)"
"gi|45505163"	"LSR"	"NP_057009"	630	"lipolysis stimulated lipoprotein receptor"
"gi|4557032"	"LDHB"	"NP_002291"	334	"lactate dehydrogenase B"
"gi|4557237"	"ACAT1"	"NP_000010"	427	"acetyl-CoA acetyltransferase 1"
"gi|4557321"	"APOA1"	"NP_000030"	267	"apolipoprotein A-I"
"gi|4557343"	"ALDH7A1"	"NP_001173"	511	"aldehyde dehydrogenase 7 family, member A1"
"gi|4557469"	"AP2B1"	"NP_001273"	937	"adaptor-related protein complex 2, beta 1 subunit"
"gi|4557491"	"CSTF1"	"NP_001315"	431	"cleavage stimulation factor, 3' pre-RNA, subunit 1, 50kDa"
"gi|4557493"	"CSTF2"	"NP_001316"	577	"cleavage stimulation factor, 3' pre-RNA, subunit 2, 64kDa"
"gi|4557495"	"CSTF3"	"NP_001317"	717	"cleavage stimulation factor, 3' pre-RNA, subunit 3, 77kDa"
"gi|4557761"	"MSH2"	"NP_000242"	934	"mutS homolog 2, colon cancer, nonpolyposis type 1 (E. coli)"
"gi|4557809"	"OAT"	"NP_000265"	439	"ornithine aminotransferase"
"gi|4557871"	"TF"	"NP_001054"	698	"transferrin"
"gi|45593130"	"GNL3"	"NP_055181"	549	"guanine nucleotide binding protein-like 3 (nucleolar)"
"gi|45643123"	"NVL"	"NP_002524"	856	"nuclear VCP-like"
"gi|45643135"	"MORF4L1"	"NP_996670"	362	"mortality factor 4 like 1"
"gi|46249412"	"LTBP1"	"NP_000618"	1396	"latent transforming growth factor beta binding protein 1"
"gi|46276893"	"TCEB2"	"NP_996896"	161	"transcription elongation factor B (SIII), polypeptide 2 (18kDa, elongin B)"
"gi|46358364"	"B3GALTL"	"NP_919299"	498	"beta 1,3-galactosyltransferase-like"
"gi|46367785"	"C12orf41"	"NP_060292"	390	"chromosome 12 open reading frame 41"
"gi|46367787"	"PABPC1"	"NP_002559"	636	"poly(A) binding protein, cytoplasmic 1"
"gi|46852388"	"CCAR1"	"NP_060707"	1150	"cell division cycle and apoptosis regulator 1"
"gi|46852398"	"BLOC1S2"	"NP_776170"	142	"biogenesis of lysosomal organelles complex-1, subunit 2"
"gi|47174861"	"PPAN"	"NP_064615"	473	"peter pan homolog (Drosophila)"
"gi|47271406"	"MEPCE"	"NP_062552"	689	"methylphosphate capping enzyme"
"gi|47271443"	"SRSF2"	"NP_003007"	221	"serine/arginine-rich splicing factor 2"
"gi|47519639"	"MAP4"	"NP_002366"	1152	"microtubule-associated protein 4"
"gi|4757718"	"ACTL6A"	"NP_004292"	429	"actin-like 6A"
"gi|4757756"	"ANXA2"	"NP_004030"	339	"annexin A2"
"gi|4757790"	"ASH2L"	"NP_004665"	628	"ash2 (absent, small, or homeotic)-like (Drosophila)"
"gi|4757810"	"ATP5A1"	"NP_004037"	553	"ATP synthase, H+ transporting, mitochondrial F1 complex, alpha subunit 1, cardiac muscle"
"gi|4757834"	"BAG2"	"NP_004273"	211	"BCL2-associated athanogene 2"
"gi|4757880"	"BUB3"	"NP_004716"	328	"budding uninhibited by benzimidazoles 3 homolog (yeast)"
"gi|4757900"	"CALR"	"NP_004334"	417	"calreticulin"
"gi|4758012"	"CLTC"	"NP_004850"	1675	"clathrin, heavy chain (Hc)"
"gi|4758024"	"COIL"	"NP_004636"	576	"coilin"
"gi|4758030"	"COPA"	"NP_004362"	1224	"coatomer protein complex, subunit alpha"
"gi|4758032"	"COPB2"	"NP_004757"	906	"coatomer protein complex, subunit beta 2 (beta prime)"
"gi|4758086"	"CSRP1"	"NP_004069"	193	"cysteine and glycine-rich protein 1"
"gi|4758138"	"DDX5"	"NP_004387"	614	"DEAD (Asp-Glu-Ala-Asp) box polypeptide 5"
"gi|4758140"	"DDX6"	"NP_004388"	472	"DEAD (Asp-Glu-Ala-Asp) box polypeptide 6"
"gi|4758158"	"SEPT2"	"NP_004395"	361	"septin 2"
"gi|4758302"	"ERH"	"NP_004441"	104	"enhancer of rudimentary homolog (Drosophila)"
"gi|4758304"	"PDIA4"	"NP_004902"	645	"protein disulfide isomerase family A, member 4"
"gi|4758356"	"FEN1"	"NP_004102"	380	"flap structure-specific endonuclease 1"
"gi|4758410"	"FXR2"	"NP_004851"	673	"fragile X mental retardation, autosomal homolog 2"
"gi|4758486"	"GTF2A2"	"NP_004483"	109	"general transcription factor IIA, 2, 12kDa"
"gi|4758504"	"HSD17B10"	"NP_004484"	261	"hydroxysteroid (17-beta) dehydrogenase 10"
"gi|4758556"	"PRPF3"	"NP_004689"	683	"PRP3 pre-mRNA processing factor 3 homolog (S. cerevisiae)"
"gi|4758638"	"PRDX6"	"NP_004896"	224	"peroxiredoxin 6"
"gi|4758786"	"NDUFS2"	"NP_004541"	463	"NADH dehydrogenase (ubiquinone) Fe-S protein 2, 49kDa (NADH-coenzyme Q reductase)"
"gi|4758788"	"NDUFS3"	"NP_004542"	264	"NADH dehydrogenase (ubiquinone) Fe-S protein 3, 30kDa (NADH-coenzyme Q reductase)"
"gi|4758860"	"NOLC1"	"NP_004732"	699	"nucleolar and coiled-body phosphoprotein 1"
"gi|4758950"	"PPIB"	"NP_000933"	216	"peptidylprolyl isomerase B (cyclophilin B)"
"gi|4758958"	"PRKAR2A"	"NP_004148"	404	"protein kinase, cAMP-dependent, regulatory, type II, alpha"
"gi|4759098"	"TRA2B"	"NP_004584"	288	"transformer 2 beta homolog (Drosophila)"
"gi|4759100"	"SRSF11"	"NP_004759"	484	"serine/arginine-rich splicing factor 11"
"gi|4759154"	"SNAP29"	"NP_004773"	258	"synaptosomal-associated protein, 29kDa"
"gi|4759156"	"SNRPA"	"NP_004587"	282	"small nuclear ribonucleoprotein polypeptide A"
"gi|4759160"	"SNRPD3"	"NP_004166"	126	"small nuclear ribonucleoprotein D3 polypeptide 18kDa"
"gi|4759276"	"RRP9"	"NP_004695"	475	"ribosomal RNA processing 9, small subunit (SSU) processome component, homolog (yeast)"
"gi|47604944"	"SCYL2"	"NP_060458"	929	"SCY1-like 2 (S. cerevisiae)"
"gi|47824889"	"C16orf87"	"NP_001001436"	154	"chromosome 16 open reading frame 87"
"gi|47933339"	"RBM15"	"NP_073605"	977	"RNA binding motif protein 15"
"gi|48255889"	"PRKCSH"	"NP_002734"	528	"protein kinase C substrate 80K-H"
"gi|48255898"	"SMARCA2"	"NP_620614"	1572	"SWI/SNF related, matrix associated, actin dependent regulator of chromatin, subfamily a, member 2"
"gi|4826659"	"CAPZB"	"NP_004921"	272	"capping protein (actin filament) muscle Z-line, beta"
"gi|4826686"	"DDX1"	"NP_004930"	740	"DEAD (Asp-Glu-Ala-Asp) box polypeptide 1"
"gi|4826734"	"FUS"	"NP_004951"	526	"fused in sarcoma"
"gi|4826760"	"HNRNPF"	"NP_004957"	415	"heterogeneous nuclear ribonucleoprotein F"
"gi|4826762"	"HP"	"NP_005134"	406	"haptoglobin"
"gi|4826806"	"BRD2"	"NP_005095"	801	"bromodomain containing 2"
"gi|4826860"	"NHP2L1"	"NP_004999"	128	"NHP2 non-histone chromosome protein 2-like 1 (S. cerevisiae)"
"gi|4826882"	"THOC1"	"NP_005122"	657	"THO complex 1"
"gi|4826898"	"PFN1"	"NP_005013"	140	"profilin 1"
"gi|4826960"	"QARS"	"NP_005042"	775	"glutaminyl-tRNA synthetase"
"gi|4826998"	"SFPQ"	"NP_005057"	707	"splicing factor proline/glutamine-rich"
"gi|4827040"	"THRAP3"	"NP_005110"	955	"thyroid hormone receptor associated protein 3"
"gi|4827071"	"CNBP"	"NP_003409"	177	"CCHC-type zinc finger, nucleic acid binding protein"
"gi|48526509"	"TIMM50"	"NP_001001563"	456	"translocase of inner mitochondrial membrane 50 homolog (S. cerevisiae)"
"gi|48762920"	"PFKL"	"NP_002617"	780	"phosphofructokinase, liver"
"gi|48762926"	"PWP2"	"NP_005040"	919	"PWP2 periodic tryptophan protein homolog (yeast)"
"gi|48762932"	"CCT8"	"NP_006576"	548	"chaperonin containing TCP1, subunit 8 (theta)"
"gi|4885063"	"ALDOC"	"NP_005156"	364	"aldolase C, fructose-bisphosphate"
"gi|4885079"	"ATP5C1"	"NP_005165"	297	"ATP synthase, H+ transporting, mitochondrial F1 complex, gamma polypeptide 1"
"gi|4885225"	"EWSR1"	"NP_005234"	656	"Ewing sarcoma breakpoint region 1"
"gi|4885281"	"GLUD1"	"NP_005262"	558	"glutamate dehydrogenase 1"
"gi|4885371"	"H1F0"	"NP_005309"	194	"H1 histone family, member 0"
"gi|4885375"	"HIST1H1C"	"NP_005310"	213	"histone cluster 1, H1c"
"gi|4885379"	"HIST1H1E"	"NP_005312"	219	"histone cluster 1, H1e"
"gi|4885399"	"SMC3"	"NP_005436"	1217	"structural maintenance of chromosomes 3"
"gi|4885431"	"HSPA1A"	"NP_005337"	641	"heat shock 70kDa protein 1A"
"gi|4885661"	"YES1"	"NP_005424"	543	"v-yes-1 Yamaguchi sarcoma viral oncogene homolog 1"
"gi|48928058"	"SUMO3"	"NP_008867"	103	"SMT3 suppressor of mif two 3 homolog 3 (S. cerevisiae)"
"gi|49472822"	"EIF3G"	"NP_003746"	320	"eukaryotic translation initiation factor 3, subunit G"
"gi|50053795"	"EIF4B"	"NP_001408"	611	"eukaryotic translation initiation factor 4B"
"gi|5031569"	"ACTR1A"	"NP_005727"	376	"ARP1 actin-related protein 1 homolog A, centractin alpha (yeast)"
"gi|5031571"	"ACTR2"	"NP_005713"	394	"ARP2 actin-related protein 2 homolog (yeast)"
"gi|5031573"	"ACTR3"	"NP_005712"	418	"ARP3 actin-related protein 3 homolog (yeast)"
"gi|5031579"	"AKAP8"	"NP_005849"	692	"A kinase (PRKA) anchor protein 8"
"gi|5031631"	"SCARB2"	"NP_005497"	478	"scavenger receptor class B, member 2"
"gi|5031635"	"CFL1"	"NP_005498"	166	"cofilin 1 (non-muscle)"
"gi|5031653"	"BCAS2"	"NP_005863"	225	"breast carcinoma amplified sequence 2"
"gi|5031699"	"FLOT1"	"NP_005794"	427	"flotillin 1"
"gi|5031741"	"DNAJA2"	"NP_005871"	412	"DnaJ (Hsp40) homolog, subfamily A, member 2"
"gi|5031749"	"HMGN2"	"NP_005508"	90	"high mobility group nucleosomal binding domain 2"
"gi|5031753"	"HNRNPH1"	"NP_005511"	449	"heterogeneous nuclear ribonucleoprotein H1 (H)"
"gi|5031755"	"HNRNPR"	"NP_005817"	633	"heterogeneous nuclear ribonucleoprotein R"
"gi|5031815"	"KARS"	"NP_005539"	597	"lysyl-tRNA synthetase"
"gi|5031857"	"LDHA"	"NP_005557"	332	"lactate dehydrogenase A"
"gi|5031863"	"LGALS3BP"	"NP_005558"	585	"lectin, galactoside-binding, soluble, 3 binding protein"
"gi|5031877"	"LMNB1"	"NP_005564"	586	"lamin B1"
"gi|5031931"	"NACA"	"NP_005585"	215	"nascent polypeptide-associated complex alpha subunit"
"gi|5031957"	"PQBP1"	"NP_005701"	265	"polyglutamine binding protein 1"
"gi|5031973"	"PDIA6"	"NP_005733"	440	"protein disulfide isomerase family A, member 6"
"gi|5032007"	"PURA"	"NP_005850"	322	"purine-rich element binding protein A"
"gi|5032013"	"KIF20A"	"NP_005724"	890	"kinesin family member 20A"
"gi|5032027"	"RBBP4"	"NP_005601"	425	"retinoblastoma binding protein 4"
"gi|5032051"	"RPS14"	"NP_005608"	151	"ribosomal protein S14"
"gi|5032067"	"SAP18"	"NP_005861"	153	"Sin3A-associated protein, 18kDa"
"gi|5032069"	"SF3B4"	"NP_005841"	424	"splicing factor 3b, subunit 4, 49kDa"
"gi|5032087"	"SF3A1"	"NP_005868"	793	"splicing factor 3a, subunit 1, 120kDa"
"gi|5032093"	"SLC1A5"	"NP_005619"	541	"solute carrier family 1 (neutral amino acid transporter), member 5"
"gi|5032161"	"TCEB1"	"NP_005639"	112	"transcription elongation factor B (SIII), polypeptide 1 (15kDa, elongin C)"
"gi|5032169"	"TERF2"	"NP_005643"	500	"telomeric repeat binding factor 2"
"gi|5032173"	"NR2F1"	"NP_005645"	423	"nuclear receptor subfamily 2, group F, member 1"
"gi|5032179"	"TRIM28"	"NP_005753"	835	"tripartite motif containing 28"
"gi|5032189"	"TP53BP1"	"NP_005648"	1972	"tumor protein p53 binding protein 1"
"gi|50363217"	"SERPINA1"	"NP_000286"	418	"serpin peptidase inhibitor, clade A (alpha-1 antiproteinase, antitrypsin), member 1"
"gi|50428935"	"MAP1S"	"NP_060644"	1059	"microtubule-associated protein 1S"
"gi|50582989"	"IQSEC1"	"NP_055684"	963	"IQ motif and Sec7 domain 1"
"gi|50592994"	"TXN"	"NP_003320"	105	"thioredoxin"
"gi|50592996"	"RP11-566K11.2"	"NP_006077"	450	"Melanocyte-stimulating hormone receptor"
"gi|50593002"	"SNRPA1"	"NP_003081"	255	"small nuclear ribonucleoprotein polypeptide A'"
"gi|50658063"	"SMC4"	"NP_001002800"	1288	"structural maintenance of chromosomes 4"
"gi|50658082"	"CEP70"	"NP_077817"	597	"centrosomal protein 70kDa"
"gi|50659095"	"DDX21"	"NP_004719"	783	"DEAD (Asp-Glu-Ala-Asp) box polypeptide 21"
"gi|50959085"	"THOC5"	"NP_003669"	683	"THO complex 5"
"gi|50980301"	"MPRIP"	"NP_958431"	1025	"myosin phosphatase Rho interacting protein"
"gi|51036603"	"GNG12"	"NP_061329"	72	"guanine nucleotide binding protein (G protein), gamma 12"
"gi|51100974"	"MYO1D"	"NP_056009"	1006	"myosin ID"
"gi|51479152"	"ATP5H"	"NP_001003785"	137	"ATP synthase, H+ transporting, mitochondrial Fo complex, subunit d"
"gi|51479192"	"RING1"	"NP_002922"	406	"ring finger protein 1"
"gi|51599156"	"CHD4"	"NP_001264"	1912	"chromodomain helicase DNA binding protein 4"
"gi|5174409"	"CD2BP2"	"NP_006101"	341	"CD2 (cytoplasmic tail) binding protein 2"
"gi|5174429"	"ACAA2"	"NP_006102"	397	"acetyl-CoA acyltransferase 2"
"gi|5174447"	"GNB2L1"	"NP_006089"	317	"guanine nucleotide binding protein (G protein), beta polypeptide 2-like 1"
"gi|5174449"	"H1FX"	"NP_006017"	213	"H1 histone family, member X"
"gi|5174525"	"MAP1B"	"NP_005900"	2468	"microtubule-associated protein 1B"
"gi|5174559"	"MFI2"	"NP_005920"	738	"antigen p97 (melanoma associated) identified by monoclonal antibodies 133.2 and 96.5"
"gi|5174659"	"S100A13"	"NP_005970"	98	"S100 calcium binding protein A13"
"gi|5174715"	"VPS72"	"NP_005988"	364	"vacuolar protein sorting 72 homolog (S. cerevisiae)"
"gi|5174735"	"TUBB4B"	"NP_006079"	445	"tubulin, beta 4B class IVb"
"gi|51873036"	"OGDH"	"NP_002532"	1023	"oxoglutarate (alpha-ketoglutarate) dehydrogenase (lipoamide)"
"gi|51988900"	"ERCC5"	"NP_000114"	1186	"excision repair cross-complementing rodent repair deficiency, complementation group 5"
"gi|52630322"	"CHD3"	"NP_005843"	1966	"chromodomain helicase DNA binding protein 3"
"gi|52630449"	"USP48"	"NP_115612"	1035	"ubiquitin specific peptidase 48"
"gi|52632383"	"HNRNPL"	"NP_001524"	589	"heterogeneous nuclear ribonucleoprotein L"
"gi|53759103"	"IPO8"	"NP_006381"	1037	"importin 8"
"gi|53759145"	"GRSF1"	"NP_002083"	424	"G-rich RNA sequence binding factor 1"
"gi|54112117"	"SF3B1"	"NP_036565"	1304	"splicing factor 3b, subunit 1, 155kDa"
"gi|54112121"	"SF3B3"	"NP_036558"	1217	"splicing factor 3b, subunit 3, 130kDa"
"gi|54112390"	"CACNA2D1"	"NP_000713"	1091	"calcium channel, voltage-dependent, alpha 2/delta subunit 1"
"gi|54112392"	"CACNA2D2"	"NP_001005505"	1145	"calcium channel, voltage-dependent, alpha 2/delta subunit 2"
"gi|54124343"	"FAM21A"	"NP_001005751"	1341	"family with sequence similarity 21, member A"
"gi|5453539"	"PAICS"	"NP_006443"	425	"phosphoribosylaminoimidazole carboxylase, phosphoribosylaminoimidazole succinocarboxamide synthetase"
"gi|5453549"	"PRDX4"	"NP_006397"	271	"peroxiredoxin 4"
"gi|5453555"	"RAN"	"NP_006316"	216	"RAN, member RAS oncogene family"
"gi|5453567"	"CFDP1"	"NP_006315"	299	"craniofacial development protein 1"
"gi|5453595"	"CAP1"	"NP_006358"	475	"CAP, adenylate cyclase-associated protein 1 (yeast)"
"gi|5453597"	"CAPZA1"	"NP_006126"	286	"capping protein (actin filament) muscle Z-line, alpha 1"
"gi|5453599"	"CAPZA2"	"NP_006127"	286	"capping protein (actin filament) muscle Z-line, alpha 2"
"gi|5453603"	"CCT2"	"NP_006422"	535	"chaperonin containing TCP1, subunit 2 (beta)"
"gi|5453607"	"CCT7"	"NP_006420"	543	"chaperonin containing TCP1, subunit 7 (eta)"
"gi|5453617"	"ZNHIT1"	"NP_006340"	154	"zinc finger, HIT-type containing 1"
"gi|5453629"	"DCTN2"	"NP_006391"	406	"dynactin 2 (p50)"
"gi|5453634"	"DYNC1LI2"	"NP_006132"	492	"dynein, cytoplasmic 1, light intermediate chain 2"
"gi|5453660"	"TUBGCP3"	"NP_006313"	907	"tubulin, gamma complex associated protein 3"
"gi|5453682"	"HEXIM1"	"NP_006451"	359	"hexamethylene bis-acetamide inducible 1"
"gi|5453706"	"ERLIN1"	"NP_006450"	346	"ER lipid raft associated 1"
"gi|5453854"	"PCBP1"	"NP_006187"	356	"poly(rC) binding protein 1"
"gi|5453880"	"ANP32A"	"NP_006296"	249	"acidic (leucine-rich) nuclear phosphoprotein 32 family, member A"
"gi|5453994"	"RAD21"	"NP_006256"	631	"RAD21 homolog (S. pombe)"
"gi|5453998"	"IPO7"	"NP_006382"	1038	"importin 7"
"gi|5454004"	"DPF2"	"NP_006259"	391	"D4, zinc and double PHD fingers family 2"
"gi|5454024"	"RPP30"	"NP_006404"	268	"ribonuclease P/MRP 30kDa subunit"
"gi|5454052"	"SFN"	"NP_006133"	248	"stratifin"
"gi|5454064"	"RBM14"	"NP_006319"	669	"RNA binding motif protein 14"
"gi|5454096"	"STK4"	"NP_006273"	487	"serine/threonine kinase 4"
"gi|5454106"	"TAF10"	"NP_006275"	218	"TAF10 RNA polymerase II, TATA box binding protein (TBP)-associated factor, 30kDa"
"gi|5454158"	"VARS"	"NP_006286"	1264	"valyl-tRNA synthetase"
"gi|5454172"	"XRCC1"	"NP_006288"	633	"X-ray repair complementing defective repair in Chinese hamster cells 1"
"gi|54607053"	"GCN1L1"	"NP_006827"	2671	"GCN1 general control of amino-acid synthesis 1-like 1 (yeast)"
"gi|54859722"	"NUP160"	"NP_056046"	1436	"nucleoporin 160kDa"
"gi|55741641"	"KIDINS220"	"NP_065789"	1771	"kinase D-interacting substrate, 220kDa"
"gi|55741709"	"RBM25"	"NP_067062"	843	"RNA binding motif protein 25"
"gi|55749531"	"SF3B2"	"NP_006833"	895	"splicing factor 3b, subunit 2, 145kDa"
"gi|55769546"	"PAK1IP1"	"NP_060376"	392	"PAK1 interacting protein 1"
"gi|55769587"	"NOP14"	"NP_003694"	857	"NOP14 nucleolar protein homolog (yeast)"
"gi|55770844"	"CTNNA1"	"NP_001894"	906	"catenin (cadherin-associated protein), alpha 1, 102kDa"
"gi|55770864"	"THOC4"	"NP_005773"	257	"THO complex 4"
"gi|55770900"	"BRIX1"	"NP_060791"	353	"BRX1, biogenesis of ribosomes, homolog (S. cerevisiae)"
"gi|55956788"	"NCL"	"NP_005372"	710	"nucleolin"
"gi|55956919"	"HNRNPAB"	"NP_112556"	332	"heterogeneous nuclear ribonucleoprotein A/B"
"gi|56118234"	"CENPV"	"NP_859067"	272	"centromere protein V"
"gi|56118310"	"NUCKS1"	"NP_073568"	243	"nuclear casein kinase and cyclin-dependent kinase substrate 1"
"gi|56181387"	"STUB1"	"NP_005852"	303	"STIP1 homology and U-box containing protein 1, E3 ubiquitin protein ligase"
"gi|56237027"	"IGF2BP1"	"NP_006537"	577	"insulin-like growth factor 2 mRNA binding protein 1"
"gi|56243583"	"WDR18"	"NP_077005"	432	"WD repeat domain 18"
"gi|56243590"	"WDR33"	"NP_060853"	1336	"WD repeat domain 33"
"gi|56549119"	"DNM2"	"NP_004936"	866	"dynamin 2"
"gi|56549668"	"ARID2"	"NP_689854"	1835	"AT rich interactive domain 2 (ARID, RFX-like)"
"gi|56549696"	"EP400"	"NP_056224"	3122	"E1A binding protein p400"
"gi|56550039"	"MLL"	"NP_005924"	3969	"myeloid/lymphoid or mixed-lineage leukemia (trithorax homolog, Drosophila)"
"gi|56550051"	"USP39"	"NP_006581"	565	"ubiquitin specific peptidase 39"
"gi|56676330"	"HP1BP3"	"NP_057371"	553	"heterochromatin protein 1, binding protein 3"
"gi|56676335"	"RIF1"	"NP_060621"	2472	"RAP1 interacting factor homolog (yeast)"
"gi|56676371"	"CPSF1"	"NP_037423"	1443	"cleavage and polyadenylation specific factor 1, 160kDa"
"gi|56699409"	"RBMX"	"NP_002130"	391	"RNA binding motif protein, X-linked"
"gi|56711248"	"EFR3A"	"NP_055952"	785	"EFR3 homolog A (S. cerevisiae)"
"gi|56788366"	"PICALM"	"NP_009097"	652	"phosphatidylinositol binding clathrin assembly protein"
"gi|57013276"	"TUBA1B"	"NP_006073"	451	"tubulin, alpha 1b"
"gi|57164942"	"CKAP5"	"NP_001008938"	2032	"cytoskeleton associated protein 5"
"gi|57164975"	"TCOF1"	"NP_000347"	1411	"Treacher Collins-Franceschetti syndrome 1"
"gi|57242777"	"MYCBP"	"NP_036465"	103	"c-myc binding protein"
"gi|57242798"	"SMPDL3B"	"NP_055289"	455	"sphingomyelin phosphodiesterase, acid-like 3B"
"gi|5729730"	"API5"	"NP_006586"	504	"apoptosis inhibitor 5"
"gi|5729838"	"YEATS4"	"NP_006521"	227	"YEATS domain containing 4"
"gi|5729850"	"GNAI3"	"NP_006487"	354	"guanine nucleotide binding protein (G protein), alpha inhibiting activity polypeptide 3"
"gi|5729875"	"PGRMC1"	"NP_006658"	195	"progesterone receptor membrane component 1"
"gi|5729877"	"HSPA8"	"NP_006588"	646	"heat shock 70kDa protein 8"
"gi|5729939"	"CPSF4"	"NP_006684"	269	"cleavage and polyadenylation specific factor 4, 30kDa"
"gi|5730023"	"RUVBL2"	"NP_006657"	463	"RuvB-like 2 (E. coli)"
"gi|5730027"	"KHDRBS1"	"NP_006550"	443	"KH domain containing, RNA binding, signal transduction associated 1"
"gi|5730085"	"DYNLT1"	"NP_006510"	113	"dynein, light chain, Tctex-type 1"
"gi|57634534"	"NUP205"	"NP_055950"	2012	"nucleoporin 205kDa"
"gi|57863257"	"TCP1"	"NP_110379"	556	"t-complex 1"
"gi|57863269"	"RRP1B"	"NP_055871"	758	"ribosomal RNA processing 1 homolog B (S. cerevisiae)"
"gi|57863281"	"MEIS3"	"NP_064545"	421	"Meis homeobox 3"
"gi|57863301"	"CLASP2"	"NP_055912"	1506	"cytoplasmic linker associated protein 2"
"gi|5803036"	"HNRNPA0"	"NP_006796"	305	"heterogeneous nuclear ribonucleoprotein A0"
"gi|5803076"	"CBX1"	"NP_006798"	185	"chromobox homolog 1"
"gi|5803092"	"METAP2"	"NP_006829"	478	"methionyl aminopeptidase 2"
"gi|5803102"	"MORF4L1"	"NP_006782"	323	"mortality factor 4 like 1"
"gi|5803111"	"EBNA1BP2"	"NP_006815"	306	"EBNA1 binding protein 2"
"gi|5803137"	"RBM3"	"NP_006734"	157	"RNA binding motif (RNP1, RRM) protein 3"
"gi|5803167"	"SF3A3"	"NP_006793"	501	"splicing factor 3a, subunit 3, 60kDa"
"gi|5803207"	"U2AF1"	"NP_006749"	240	"U2 small nuclear RNA auxiliary factor 1"
"gi|5803225"	"YWHAE"	"NP_006752"	255	"tyrosine 3-monooxygenase/tryptophan 5-monooxygenase activation protein, epsilon polypeptide"
"gi|5803227"	"YWHAQ"	"NP_006817"	245	"tyrosine 3-monooxygenase/tryptophan 5-monooxygenase activation protein, theta polypeptide"
"gi|58761500"	"OLA1"	"NP_037473"	396	"Obg-like ATPase 1"
"gi|58761546"	"KDM1A"	"NP_055828"	852	"lysine (K)-specific demethylase 1A"
"gi|5901926"	"NUDT21"	"NP_008937"	227	"nudix (nucleoside diphosphate linked moiety X)-type motif 21"
"gi|5901928"	"CPSF6"	"NP_008938"	551	"cleavage and polyadenylation specific factor 6, 68kDa"
"gi|5902034"	"PWP1"	"NP_008993"	501	"PWP1 homolog (S. cerevisiae)"
"gi|5902060"	"RP2"	"NP_008846"	350	"retinitis pigmentosa 2 (X-linked recessive)"
"gi|5902076"	"SRSF1"	"NP_008855"	248	"serine/arginine-rich splicing factor 1"
"gi|5902102"	"SNRPD1"	"NP_008869"	119	"small nuclear ribonucleoprotein D1 polypeptide 16kDa"
"gi|59859885"	"RPSA"	"NP_001012321"	295	"ribosomal protein SA"
"gi|6005721"	"ERLIN2"	"NP_009106"	339	"ER lipid raft associated 2"
"gi|6005747"	"RNF2"	"NP_009143"	336	"ring finger protein 2"
"gi|6005757"	"SUPT16H"	"NP_009123"	1047	"suppressor of Ty 16 homolog (S. cerevisiae)"
"gi|6005784"	"ECD"	"NP_009196"	644	"ecdysoneless homolog (Drosophila)"
"gi|6005814"	"STK38"	"NP_009202"	465	"serine/threonine kinase 38"
"gi|6005854"	"PHB2"	"NP_009204"	299	"prohibitin 2"
"gi|6005872"	"SEC63"	"NP_009145"	760	"SEC63 homolog (S. cerevisiae)"
"gi|6005926"	"U2AF2"	"NP_009210"	475	"U2 small nuclear RNA auxiliary factor 2"
"gi|6005942"	"VCP"	"NP_009057"	806	"valosin containing protein"
"gi|6006001"	"GPX3"	"NP_002075"	226	"glutathione peroxidase 3 (plasma)"
"gi|61676188"	"HUWE1"	"NP_113584"	4374	"HECT, UBA and WWE domain containing 1"
"gi|61743954"	"AHNAK"	"NP_001611"	5890	"AHNAK nucleoprotein"
"gi|61835148"	"FXR1"	"NP_005078"	621	"fragile X mental retardation, autosomal homolog 1"
"gi|62241042"	"EPRS"	"NP_004437"	1512	"glutamyl-prolyl-tRNA synthetase"
"gi|62243696"	"STAG1"	"NP_005853"	1258	"stromal antigen 1"
"gi|62244004"	"SLTM"	"NP_001013865"	1016	"SAFB-like, transcription modulator"
"gi|62414289"	"VIM"	"NP_003371"	466	"vimentin"
"gi|62955803"	"NUP188"	"NP_056169"	1749	"nucleoporin 188kDa"
"gi|63003897"	"NKRF"	"NP_060014"	690	"NFKB repressing factor"
"gi|63029937"	"HSP90AA1"	"NP_001017963"	854	"heat shock protein 90kDa alpha (cytosolic), class A member 1"
"gi|63252886"	"P4HA1"	"NP_000908"	534	"prolyl 4-hydroxylase, alpha polypeptide I"
"gi|6382079"	"RANBP2"	"NP_006258"	3224	"RAN binding protein 2"
"gi|64368880"	"ZNF498"	"NP_660090"	544	"zinc finger protein 498"
"gi|6453818"	"KIF22"	"NP_015556"	665	"kinesin family member 22"
"gi|6631095"	"MCM3"	"NP_002379"	808	"minichromosome maintenance complex component 3"
"gi|66346679"	"SERBP1"	"NP_001018077"	408	"SERPINE1 mRNA binding protein 1"
"gi|66392203"	"NME1-NME2"	"NP_001018146"	267	"NME1-NME2 readthrough"
"gi|66529294"	"PON2"	"NP_000296"	354	"paraoxonase 2"
"gi|6677723"	"RFC5"	"NP_031396"	340	"replication factor C (activator 1) 5, 36.5kDa"
"gi|6678271"	"TARDBP"	"NP_031401"	414	"TAR DNA binding protein"
"gi|66933016"	"IMPDH2"	"NP_000875"	514	"IMP (inosine 5'-monophosphate) dehydrogenase 2"
"gi|67003578"	"LIN52"	"NP_001019845"	116	"lin-52 homolog (C. elegans)"
"gi|67190748"	"C4A"	"NP_009224"	1744	"complement component 4A (Rodgers blood group)"
"gi|67551265"	"AHCTF1"	"NP_056261"	2266	"AT hook containing transcription factor 1"
"gi|67782328"	"TNRC6B"	"NP_055903"	1722	"trinucleotide repeat containing 6B"
"gi|67782358"	"CFB"	"NP_001701"	764	"complement factor B"
"gi|68160937"	"TRIM25"	"NP_005073"	630	"tripartite motif containing 25"
"gi|68303639"	"CELF2"	"NP_006552"	509	"CUGBP, Elav-like family member 2"
"gi|68509926"	"DHX15"	"NP_001349"	795	"DEAH (Asp-Glu-Ala-His) box polypeptide 15"
"gi|6857818"	"NPM3"	"NP_008924"	178	"nucleophosmin/nucleoplasmin 3"
"gi|6912292"	"CBX5"	"NP_036249"	191	"chromobox homolog 5"
"gi|6912398"	"GTF3C3"	"NP_036218"	886	"general transcription factor IIIC, polypeptide 3, 102kDa"
"gi|6912400"	"GTF3C4"	"NP_036336"	822	"general transcription factor IIIC, polypeptide 4, 90kDa"
"gi|6912448"	"MORF4L2"	"NP_036418"	288	"mortality factor 4 like 2"
"gi|6912478"	"KPNA6"	"NP_036448"	536	"karyopherin alpha 6 (importin alpha 7)"
"gi|6912494"	"MAPRE1"	"NP_036457"	268	"microtubule-associated protein, RP/EB family, member 1"
"gi|6912542"	"NUFIP1"	"NP_036477"	495	"nuclear fragile X mental retardation protein interacting protein 1"
"gi|6912618"	"QPCT"	"NP_036545"	361	"glutaminyl-peptide cyclotransferase"
"gi|6912752"	"ZNF281"	"NP_036614"	895	"zinc finger protein 281"
"gi|70166852"	"ADAR"	"NP_001102"	1226	"adenosine deaminase, RNA-specific"
"gi|7019371"	"TFPT"	"NP_037474"	253	"TCF3 (E2A) fusion partner (in childhood Leukemia)"
"gi|7019485"	"PDCD6"	"NP_037364"	191	"programmed cell death 6"
"gi|70980549"	"PDCD11"	"NP_055791"	1871	"programmed cell death 11"
"gi|71143137"	"HMGB3"	"NP_005333"	200	"high mobility group box 3"
"gi|71361682"	"NUMA1"	"NP_006176"	2115	"nuclear mitotic apparatus protein 1"
"gi|71979932"	"SLC7A5"	"NP_003477"	507	"solute carrier family 7 (amino acid transporter light chain, L system), member 5"
"gi|72534660"	"SRSF7"	"NP_001026854"	238	"serine/arginine-rich splicing factor 7"
"gi|73623028"	"CPT1A"	"NP_001027017"	756	"carnitine palmitoyltransferase 1A (liver)"
"gi|73695475"	"HEATR1"	"NP_060542"	2144	"HEAT repeat containing 1"
"gi|73747799"	"VPS52"	"NP_072047"	723	"vacuolar protein sorting 52 homolog (S. cerevisiae)"
"gi|73747829"	"LIG3"	"NP_039269"	1009	"ligase III, DNA, ATP-dependent"
"gi|73760405"	"TMPO"	"NP_001027454"	454	"thymopoietin"
"gi|74099697"	"HNRNPH2"	"NP_001027565"	449	"heterogeneous nuclear ribonucleoprotein H2 (H')"
"gi|74136549"	"ARID5B"	"NP_115575"	1188	"AT rich interactive domain 5B (MRF1-like)"
"gi|74136883"	"HNRNPU"	"NP_114032"	825	"heterogeneous nuclear ribonucleoprotein U (scaffold attachment factor A)"
"gi|7427519"	"MCM6"	"NP_005906"	821	"minichromosome maintenance complex component 6"
"gi|75709192"	"BABAM1"	"NP_054892"	329	"BRISC and BRCA1 A complex member 1"
"gi|76150623"	"NOP2"	"NP_006161"	808	"NOP2 nucleolar protein homolog (yeast)"
"gi|7656936"	"ZNHIT2"	"NP_055020"	403	"zinc finger, HIT-type containing 2"
"gi|7656991"	"CORO1C"	"NP_055140"	474	"coronin, actin binding protein, 1C"
"gi|7657013"	"AATF"	"NP_036270"	560	"apoptosis antagonizing transcription factor"
"gi|7657162"	"PFDN6"	"NP_055075"	129	"prefoldin subunit 6"
"gi|7657269"	"PDS5B"	"NP_055847"	1447	"PDS5, regulator of cohesion maintenance, homolog B (S. cerevisiae)"
"gi|7657351"	"MYBBP1A"	"NP_055335"	1328	"MYB binding protein (P160) 1a"
"gi|7657381"	"PRPF19"	"NP_055317"	504	"PRP19/PSO4 pre-mRNA processing factor 19 homolog (S. cerevisiae)"
"gi|7657647"	"TMOD2"	"NP_055363"	351	"tropomodulin 2 (neuronal)"
"gi|7657649"	"TMOD3"	"NP_055362"	352	"tropomodulin 3 (ubiquitous)"
"gi|7657671"	"UBTF"	"NP_055048"	764	"upstream binding transcription factor, RNA polymerase I"
"gi|7661606"	"NOC2L"	"NP_056473"	749	"nucleolar complex associated 2 homolog (S. cerevisiae)"
"gi|7661790"	"CCDC59"	"NP_054886"	241	"coiled-coil domain containing 59"
"gi|7661806"	"MRPL15"	"NP_054894"	296	"mitochondrial ribosomal protein L15"
"gi|7661892"	"RCOR1"	"NP_055971"	482	"REST corepressor 1"
"gi|7661920"	"EIF4A3"	"NP_055555"	411	"eukaryotic translation initiation factor 4A3"
"gi|7661952"	"SART3"	"NP_055521"	963	"squamous cell carcinoma antigen recognized by T cells 3"
"gi|7661958"	"BCLAF1"	"NP_055554"	920	"BCL2-associated transcription factor 1"
"gi|7661966"	"MDC1"	"NP_055456"	2089	"mediator of DNA-damage checkpoint 1"
"gi|7662018"	"PHF3"	"NP_055968"	2039	"PHD finger protein 3"
"gi|7662128"	"ZBTB24"	"NP_055612"	697	"zinc finger and BTB domain containing 24"
"gi|7662238"	"ACIN1"	"NP_055792"	1341	"apoptotic chromatin condensation inducer 1"
"gi|7662310"	"FARP2"	"NP_055623"	1054	"FERM, RhoGEF and pleckstrin domain protein 2"
"gi|7662502"	"MCTS1"	"NP_054779"	181	"malignant T cell amplified sequence 1"
"gi|7662645"	"MRPS18B"	"NP_054765"	258	"mitochondrial ribosomal protein S18B"
"gi|7669492"	"GAPDH"	"NP_002037"	335	"glyceraldehyde-3-phosphate dehydrogenase"
"gi|7705284"	"ANAPC7"	"NP_057322"	565	"anaphase promoting complex subunit 7"
"gi|7705320"	"AC024270.1"	"NP_057157"	203	"Hepatoma-derived growth factor-related protein 3"
"gi|7705365"	"RBM19"	"NP_057280"	960	"RNA binding motif protein 19"
"gi|7705369"	"COPB1"	"NP_057535"	953	"coatomer protein complex, subunit beta 1"
"gi|7705373"	"LIMA1"	"NP_057441"	759	"LIM domain and actin binding 1"
"gi|7705425"	"MRPS17"	"NP_057053"	130	"28S ribosomal protein S17, mitochondrial"
"gi|7705433"	"EIF3L"	"NP_057175"	564	"eukaryotic translation initiation factor 3, subunit L"
"gi|7705437"	"NIP7"	"NP_057185"	180	"nuclear import 7 homolog (S. cerevisiae)"
"gi|7705608"	"FAHD2A"	"NP_057128"	314	"fumarylacetoacetate hydrolase domain containing 2A"
"gi|7705738"	"MRPS7"	"NP_057055"	242	"mitochondrial ribosomal protein S7"
"gi|7705805"	"MRPS2"	"NP_057118"	296	"mitochondrial ribosomal protein S2"
"gi|7705853"	"DYNC1LI1"	"NP_057225"	523	"dynein, cytoplasmic 1, light intermediate chain 1"
"gi|7705855"	"HSD17B12"	"NP_057226"	312	"hydroxysteroid (17-beta) dehydrogenase 12"
"gi|7706254"	"NOP58"	"NP_057018"	529	"NOP58 ribonucleoprotein homolog (yeast)"
"gi|7706322"	"C14orf166"	"NP_057123"	244	"chromosome 14 open reading frame 166"
"gi|7706326"	"AC008073.5"	"NP_057131"	125	"Pre-mRNA branch site protein p14"
"gi|7706427"	"CPSF3"	"NP_057291"	684	"cleavage and polyadenylation specific factor 3, 73kDa"
"gi|7706485"	"TRAP1"	"NP_057376"	704	"TNF receptor-associated protein 1"
"gi|7706499"	"POLR3K"	"NP_057394"	108	"polymerase (RNA) III (DNA directed) polypeptide K, 12.3 kDa"
"gi|7706501"	"WBP11"	"NP_057396"	641	"WW domain binding protein 11"
"gi|7706549"	"CDK12"	"NP_057591"	1490	"cyclin-dependent kinase 12"
"gi|7706753"	"UCHL5"	"NP_057068"	329	"ubiquitin carboxyl-terminal hydrolase L5"
"gi|77404397"	"SND1"	"NP_055205"	910	"staphylococcal nuclease and tudor domain containing 1"
"gi|8393159"	"CALML5"	"NP_059118"	146	"calmodulin-like 5"
"gi|8922358"	"PRPF38B"	"NP_060531"	546	"PRP38 pre-mRNA processing factor 38 (yeast) domain containing B"
"gi|8922388"	"RBM28"	"NP_060547"	759	"RNA binding motif protein 28"
"gi|8922498"	"PNPO"	"NP_060599"	261	"pyridoxamine 5'-phosphate oxidase"
"gi|8922532"	"FAM82A2"	"NP_060615"	470	"family with sequence similarity 82, member A2"
"gi|8922557"	"SLC4A1AP"	"NP_060628"	796	"solute carrier family 4 (anion exchanger), member 1, adaptor protein"
"gi|8922712"	"SEPT11"	"NP_060713"	429	"septin 11"
"gi|8922764"	"C20orf20"	"NP_060740"	204	"chromosome 20 open reading frame 20"
"gi|8923040"	"CDKN2AIP"	"NP_060102"	580	"CDKN2A interacting protein"
"gi|8923059"	"MBTD1"	"NP_060113"	410	"mbt domain containing 1"
"gi|8923269"	"TEX10"	"NP_060216"	929	"testis expressed 10"
"gi|8923444"	"NHP2"	"NP_060308"	153	"NHP2 ribonucleoprotein homolog (yeast)"
"gi|8923579"	"LAMTOR1"	"NP_060377"	161	"late endosomal/lysosomal adaptor, MAPK and MTOR activator 1"
"gi|8923598"	"PIH1D1"	"NP_060386"	290	"PIH1 domain containing 1"
"gi|8923609"	"NPLOC4"	"NP_060391"	608	"nuclear protein localization 4 homolog (S. cerevisiae)"
"gi|8923900"	"CMAS"	"NP_061156"	434	"cytidine monophosphate N-acetylneuraminic acid synthetase"
"gi|9506651"	"KCTD5"	"NP_061865"	234	"potassium channel tetramerisation domain containing 5"
"gi|9506689"	"EXOSC4"	"NP_061910"	245	"exosome component 4"
"gi|9507215"	"TUBA8"	"NP_061816"	449	"tubulin, alpha 8"
"gi|9910242"	"CCDC47"	"NP_064583"	483	"coiled-coil domain containing 47"
"gi|9910244"	"MRPS22"	"NP_064576"	360	"mitochondrial ribosomal protein S22"
"gi|9966805"	"DDX24"	"NP_065147"	859	"DEAD (Asp-Glu-Ala-Asp) box polypeptide 24"
"gi|27436929"	"HSPA1L"	"NP_005518"	641	"heat shock 70kDa protein 1-like"
"gi|89067014"	"LOC651933"	"XP_946305"	55	"Removed/PREDICTED: similar to RuvB-like protein 1"
"gi|89058472"	"LOC440786"	"XP_496488"	106	"Removed/PREDICTED: similar to Ig kappa chain V-II region RPMI 6410 precursor"
"gi|4503297"	"DHX9"	"NP_001348"	1279	"DEAH (Asp-Glu-Ala-His) box polypeptide 9 isoform 1"
"gi|4503745"	"FLNA"	"NP_001447"	2647	"filamin 1 (actin-binding protein-280)"
"gi|11036646"	"H2BFS"	"NP_059141"	126	"Pseudogene: H2B histone family, member S"
"gi|33469139"	"INOC1"	"NP_115572"	1556	"Suppressed(NMD): yeast INO80-like protein"
"gi|4758560"	"WDR57"	"NP_004805"	357	"WD repeat domain 57 (U5 snRNP specific)"
"gi|13775202"	"ZNHIT4"	"NP_112578"	343	"high mobility group AT-hook 1-like 4"
"gi|17999537"	"PRPF8"	"NP_006436"	2335	"U5 snRNP-specific protein"
"gi|HsSRCAP"	"HsSRCAP"	"NP_006653"	3170	"?: helicase SRCAP"
"gi|13514822"	"DHX9"	"NP_085077"	235	"Removed(isuff.supp): DEAH (Asp-Glu-Ala-His) box polypeptide 9 isoform 2"
"gi|51460917"	"LOC440927"	"XP_496612"	114	"Removed/PREDICTED: similar to 60S acidic ribosomal protein P1 isoform 1"
"gi|89030033"	"KIAA0515"	"XP_938021"	442	"Removed/PREDICTED: hypothetical protein LOC84726 isoform 3"
"gi|5174745"	"UQCRH"	"NP_005995"	91	"ubiquinol-cytochrome c reductase hinge protein"
"gi|58761486"	"CCT3"	"NP_001008883"	544	"Removed(isuff.supp): T-complex protein 1 subunit gamma isoform b"
"gi|42657272"	"RPS25L"	"XP_376420"	124	"Removed/PREDICTED: similar to 40S ribosomal protein S25"
"gi|89052285"	"CAMP3"	"XP_048362"	1278	"calmodulin-regulated spectrin-associated protein 3 isoform 1"
